Date,Time,System Utilization,Eligible/Idle Jobs,Active Jobs
2021/03/08,21:44,1.774,0/1,1
2021/03/08,21:44,47.007,0/5,6
2021/03/08,21:54,75.240,0/7,13
2021/03/08,22:04,75.462,0/4,16
2021/03/08,22:14,75.684,0/2,17
2021/03/08,22:24,75.684,0/0,17
2021/03/08,22:34,75.758,1/3,18
2021/03/08,22:44,82.483,0/3,20
2021/03/08,22:54,82.483,0/0,20
2021/03/08,23:04,83.370,0/2,21
2021/03/08,23:14,84.405,0/3,21
2021/03/08,23:24,84.996,1/4,23
2021/03/08,23:34,85.883,1/4,24
2021/03/08,23:44,85.588,1/1,23
2021/03/08,23:54,69.993,0/4,26
2021/03/09,00:04,47.820,0/1,25
2021/03/09,00:14,47.967,3/9,27
2021/03/09,00:24,47.967,3/0,27
2021/03/09,00:34,47.967,3/0,27
2021/03/09,00:44,47.672,3/0,26
2021/03/09,00:54,47.672,3/0,26
2021/03/09,01:04,47.672,3/0,26
2021/03/09,01:14,47.672,3/0,26
2021/03/09,01:24,46.933,3/0,25
2021/03/09,01:34,46.933,3/0,25
2021/03/09,01:44,46.933,3/0,25
2021/03/09,01:54,46.933,3/0,25
2021/03/09,02:04,46.933,3/0,25
2021/03/09,02:14,46.933,3/0,25
2021/03/09,02:24,46.489,3/0,24
2021/03/09,02:34,45.972,3/0,22
2021/03/09,02:44,45.972,3/0,22
2021/03/09,02:54,45.972,3/0,22
2021/03/09,03:04,45.972,3/0,22
2021/03/09,03:14,45.972,3/0,22
2021/03/09,03:24,45.972,3/0,22
2021/03/09,03:34,45.972,3/0,22
2021/03/09,03:44,45.972,3/0,22
2021/03/09,03:54,45.972,3/0,22
2021/03/09,04:04,45.972,3/0,22
2021/03/09,04:14,45.972,3/0,22
2021/03/09,04:24,42.720,3/0,21
2021/03/09,04:34,42.720,3/0,21
2021/03/09,04:44,42.720,3/0,21
2021/03/09,04:54,42.720,3/0,21
2021/03/09,05:04,42.720,3/0,21
2021/03/09,05:14,42.720,3/0,21
2021/03/09,05:24,42.720,3/0,21
2021/03/09,05:34,42.720,3/0,21
2021/03/09,05:44,42.720,3/0,21
2021/03/09,05:54,42.720,3/0,21
2021/03/09,06:04,42.720,3/0,21
2021/03/09,06:14,42.720,3/0,21
2021/03/09,06:24,42.720,3/0,21
2021/03/09,06:34,42.720,3/0,21
2021/03/09,06:44,42.720,3/0,21
2021/03/09,06:54,42.720,3/0,21
2021/03/09,07:04,42.720,3/0,21
2021/03/09,07:14,42.720,3/0,21
2021/03/09,07:24,45.898,0/1,22
2021/03/09,07:34,45.898,3/0,22
2021/03/09,07:44,45.898,3/0,22
2021/03/09,07:54,42.720,3/0,21
2021/03/09,08:04,42.720,3/0,21
2021/03/09,08:14,41.981,3/0,20
2021/03/09,08:24,41.981,3/0,20
2021/03/09,08:34,41.981,3/0,20
2021/03/09,08:44,41.981,3/0,20
2021/03/09,08:54,41.981,3/0,20
2021/03/09,09:04,41.981,3/0,20
2021/03/09,09:14,41.981,3/0,20
2021/03/09,09:24,42.055,0/1,21
2021/03/09,09:34,42.129,0/2,22
2021/03/09,09:44,42.055,3/0,21
2021/03/09,09:54,42.055,3/0,21
2021/03/09,10:04,41.981,3/0,20
2021/03/09,10:14,90.613,0/3,23
2021/03/09,10:24,94.826,2/10,28
2021/03/09,10:34,98.374,0/2,29
2021/03/09,10:44,99.483,0/1,30
2021/03/09,10:54,99.778,1/4,31
2021/03/09,11:04,99.778,0/1,31
2021/03/09,11:14,98.744,2/5,31
2021/03/09,11:24,99.261,3/9,35
2021/03/09,11:34,99.557,8/16,36
2021/03/09,11:44,69.623,4/17,44
2021/03/09,11:54,66.519,5/11,41
2021/03/09,12:04,64.893,4/11,41
2021/03/09,12:14,62.528,4/10,39
2021/03/09,12:24,48.115,2/7,40
2021/03/09,12:34,49.963,2/6,41
2021/03/09,12:44,48.559,2/5,40
2021/03/09,12:54,48.559,3/8,38
2021/03/09,13:04,49.815,6/16,40
2021/03/09,13:14,53.806,4/11,42
2021/03/09,13:24,53.289,6/13,41
2021/03/09,13:34,52.624,6/10,39
2021/03/09,13:44,52.624,6/10,39
2021/03/09,13:54,52.624,6/10,39
2021/03/09,14:04,52.624,6/10,39
2021/03/09,14:14,52.993,6/11,39
2021/03/09,14:24,52.772,7/14,39
2021/03/09,14:34,53.141,7/13,39
2021/03/09,14:44,53.141,7/13,39
2021/03/09,14:54,52.033,7/12,38
2021/03/09,15:04,51.146,6/13,40
2021/03/09,15:14,51.589,7/13,41
2021/03/09,15:24,51.663,7/13,41
2021/03/09,15:34,51.146,7/12,40
2021/03/09,15:44,51.293,7/15,42
2021/03/09,15:54,52.180,7/15,42
2021/03/09,16:04,52.180,8/14,42
2021/03/09,16:14,52.476,9/16,43
2021/03/09,16:24,52.476,9/15,43
2021/03/09,16:34,52.254,7/13,44
2021/03/09,16:44,52.254,7/11,44
2021/03/09,16:54,53.880,7/13,46
2021/03/09,17:04,52.254,10/17,44
2021/03/09,17:14,54.102,10/19,45
2021/03/09,17:24,52.180,10/17,43
2021/03/09,17:34,53.067,12/22,43
2021/03/09,17:44,52.180,12/21,42
2021/03/09,17:54,50.998,12/21,41
2021/03/09,18:04,50.998,12/21,41
2021/03/09,18:14,50.998,12/21,41
2021/03/09,18:24,49.520,11/21,38
2021/03/09,18:34,47.746,11/20,37
2021/03/09,18:44,45.972,12/23,37
2021/03/09,18:54,44.863,12/22,36
2021/03/09,19:04,41.463,12/22,35
2021/03/09,19:14,41.168,12/23,35
2021/03/09,19:24,41.168,12/22,35
2021/03/09,19:34,41.168,12/22,35
2021/03/09,19:44,41.168,12/22,35
2021/03/09,19:54,41.168,12/22,35
2021/03/09,20:04,40.872,12/22,34
2021/03/09,20:14,40.872,12/22,34
2021/03/09,20:24,40.872,12/25,34
2021/03/09,20:34,40.650,12/23,33
2021/03/09,20:44,37.398,11/23,32
2021/03/09,20:54,37.546,10/21,32
2021/03/09,21:04,37.546,10/20,32
2021/03/09,21:14,37.546,10/20,32
2021/03/09,21:24,99.926,9/19,30
2021/03/09,21:34,98.965,9/18,29
2021/03/09,21:44,98.965,10/20,29
2021/03/09,21:54,98.596,11/22,28
2021/03/09,22:04,98.596,12/24,28
2021/03/09,22:14,99.852,11/23,28
2021/03/09,22:24,99.852,11/22,28
2021/03/09,22:34,99.852,14/28,28
2021/03/09,22:44,99.852,14/28,28
2021/03/09,22:54,99.852,14/30,29
2021/03/09,23:04,99.852,13/26,29
2021/03/09,23:14,99.852,14/28,29
2021/03/09,23:24,99.852,14/28,29
2021/03/09,23:34,99.852,14/28,29
2021/03/09,23:44,100.000,18/39,30
2021/03/09,23:54,56.911,13/39,40
2021/03/10,00:04,55.876,10/23,40
2021/03/10,00:14,55.876,8/18,40
2021/03/10,00:24,54.767,6/14,39
2021/03/10,00:34,54.767,4/10,39
2021/03/10,00:44,52.846,4/8,36
2021/03/10,00:54,52.846,4/8,36
2021/03/10,01:04,52.846,4/8,36
2021/03/10,01:14,99.704,3/7,36
2021/03/10,01:24,99.704,1/2,36
2021/03/10,01:34,99.704,1/2,36
2021/03/10,01:44,78.936,1/4,37
2021/03/10,01:54,78.936,5/0,37
2021/03/10,02:04,72.284,5/0,36
2021/03/10,02:14,72.284,5/0,36
2021/03/10,02:24,72.284,5/0,36
2021/03/10,02:34,72.284,5/0,36
2021/03/10,02:44,72.284,5/0,36
2021/03/10,02:54,72.284,5/0,36
2021/03/10,03:04,72.284,5/0,36
2021/03/10,03:14,72.284,5/0,36
2021/03/10,03:24,72.284,5/0,36
2021/03/10,03:34,72.284,5/0,36
2021/03/10,03:44,72.284,5/0,36
2021/03/10,03:54,72.284,5/0,36
2021/03/10,04:04,72.284,5/0,36
2021/03/10,04:14,72.284,5/0,36
2021/03/10,04:24,72.284,5/0,36
2021/03/10,04:34,72.284,5/0,36
2021/03/10,04:44,72.284,5/0,36
2021/03/10,04:54,72.284,5/0,36
2021/03/10,05:04,72.284,5/0,36
2021/03/10,05:14,71.545,5/0,35
2021/03/10,05:24,71.545,5/0,35
2021/03/10,05:34,70.362,5/0,34
2021/03/10,05:44,70.362,5/0,34
2021/03/10,05:54,70.362,5/0,34
2021/03/10,06:04,70.362,5/0,34
2021/03/10,06:14,70.362,5/0,34
2021/03/10,06:24,70.362,5/0,34
2021/03/10,06:34,70.362,5/0,34
2021/03/10,06:44,70.362,5/0,34
2021/03/10,06:54,70.362,5/0,34
2021/03/10,07:04,70.584,0/1,35
2021/03/10,07:14,70.584,5/0,35
2021/03/10,07:24,70.584,5/0,35
2021/03/10,07:34,70.584,5/0,35
2021/03/10,07:44,70.584,5/0,35
2021/03/10,07:54,70.584,5/0,35
2021/03/10,08:04,70.584,5/0,35
2021/03/10,08:14,70.584,5/0,35
2021/03/10,08:24,70.584,5/0,35
2021/03/10,08:34,71.323,0/1,36
2021/03/10,08:44,71.323,5/0,36
2021/03/10,08:54,71.323,5/0,36
2021/03/10,09:04,71.397,0/1,37
2021/03/10,09:14,72.727,0/4,40
2021/03/10,09:24,72.727,0/1,40
2021/03/10,09:34,69.032,4/0,39
2021/03/10,09:44,69.032,4/0,39
2021/03/10,09:54,69.106,2/6,39
2021/03/10,10:04,66.888,1/10,45
2021/03/10,10:14,67.110,0/1,46
2021/03/10,10:24,67.997,0/2,48
2021/03/10,10:34,65.041,2/8,50
2021/03/10,10:44,64.893,2/2,49
2021/03/10,10:54,66.075,2/3,50
2021/03/10,11:04,81.523,1/4,51
2021/03/10,11:14,68.662,1/2,51
2021/03/10,11:24,69.845,1/2,52
2021/03/10,11:34,71.840,1/8,58
2021/03/10,11:44,71.766,2/2,57
2021/03/10,11:54,71.249,2/3,57
2021/03/10,12:04,67.923,2/5,59
2021/03/10,12:14,83.444,2/4,61
2021/03/10,12:24,83.518,2/3,62
2021/03/10,12:34,84.627,2/5,64
2021/03/10,12:44,86.105,2/3,65
2021/03/10,12:54,86.105,2/2,65
2021/03/10,13:04,86.105,2/4,65
2021/03/10,13:14,86.105,1/2,65
2021/03/10,13:24,83.075,1/1,63
2021/03/10,13:34,83.001,1/1,62
2021/03/10,13:44,83.001,1/1,62
2021/03/10,13:54,83.001,1/1,62
2021/03/10,14:04,83.001,1/1,62
2021/03/10,14:14,94.752,1/2,61
2021/03/10,14:24,98.448,1/5,65
2021/03/10,14:34,98.004,1/1,64
2021/03/10,14:44,98.004,1/1,64
2021/03/10,14:54,94.752,1/2,62
2021/03/10,15:04,98.448,1/3,63
2021/03/10,15:14,94.900,1/1,60
2021/03/10,15:24,94.826,1/1,59
2021/03/10,15:34,96.009,1/3,59
2021/03/10,15:44,95.713,1/1,58
2021/03/10,15:54,96.157,1/2,59
2021/03/10,16:04,93.939,2/2,56
2021/03/10,16:14,93.939,2/3,56
2021/03/10,16:24,92.461,2/2,55
2021/03/10,16:34,92.461,2/2,55
2021/03/10,16:44,92.461,2/2,55
2021/03/10,16:54,97.339,2/5,58
2021/03/10,17:04,96.231,2/3,58
2021/03/10,17:14,95.344,3/6,58
2021/03/10,17:24,95.639,2/3,58
2021/03/10,17:34,95.344,2/2,57
2021/03/10,17:44,79.823,2/3,55
2021/03/10,17:54,78.344,2/2,54
2021/03/10,18:04,74.797,2/2,52
2021/03/10,18:14,74.797,2/2,52
2021/03/10,18:24,75.388,2/4,54
2021/03/10,18:34,76.571,2/3,55
2021/03/10,18:44,76.571,2/2,55
2021/03/10,18:54,76.571,2/2,55
2021/03/10,19:04,76.571,2/2,55
2021/03/10,19:14,76.571,2/2,55
2021/03/10,19:24,76.571,2/2,55
2021/03/10,19:34,76.571,2/2,55
2021/03/10,19:44,77.014,2/5,58
2021/03/10,19:54,76.718,2/3,58
2021/03/10,20:04,76.718,2/2,58
2021/03/10,20:14,78.197,2/3,59
2021/03/10,20:24,79.675,2/3,60
2021/03/10,20:34,79.675,2/2,60
2021/03/10,20:44,79.675,2/2,60
2021/03/10,20:54,79.675,1/2,60
2021/03/10,21:04,80.044,3/5,61
2021/03/10,21:14,79.749,3/3,59
2021/03/10,21:24,79.453,3/3,57
2021/03/10,21:34,79.453,3/3,57
2021/03/10,21:44,79.453,3/3,57
2021/03/10,21:54,80.636,3/4,58
2021/03/10,22:04,81.153,2/5,59
2021/03/10,22:14,81.153,2/2,59
2021/03/10,22:24,82.631,3/6,61
2021/03/10,22:34,82.853,4/5,62
2021/03/10,22:44,82.853,4/4,62
2021/03/10,22:54,86.253,4/7,65
2021/03/10,23:04,92.092,4/7,68
2021/03/10,23:14,90.613,5/8,69
2021/03/10,23:24,85.883,4/7,66
2021/03/10,23:34,85.588,5/5,65
2021/03/10,23:44,85.588,5/5,65
2021/03/10,23:54,85.218,5/5,64
2021/03/11,00:04,80.857,4/7,63
2021/03/11,00:14,82.336,4/6,64
2021/03/11,00:24,84.553,4/5,64
2021/03/11,00:34,84.627,4/6,61
2021/03/11,00:44,79.157,4/4,57
2021/03/11,00:54,73.836,4/5,56
2021/03/11,01:04,75.092,4/5,56
2021/03/11,01:14,75.018,4/5,56
2021/03/11,01:24,75.092,5/7,57
2021/03/11,01:34,70.732,5/7,56
2021/03/11,01:44,70.732,5/5,56
2021/03/11,01:54,92.979,5/6,56
2021/03/11,02:04,92.239,4/5,55
2021/03/11,02:14,92.239,4/4,55
2021/03/11,02:24,92.239,4/4,55
2021/03/11,02:34,92.018,4/4,54
2021/03/11,02:44,91.944,3/4,54
2021/03/11,02:54,91.944,3/3,54
2021/03/11,03:04,91.944,2/3,54
2021/03/11,03:14,92.535,2/3,54
2021/03/11,03:24,92.535,2/2,54
2021/03/11,03:34,92.535,2/2,54
2021/03/11,03:44,92.535,2/2,54
2021/03/11,03:54,92.461,2/2,53
2021/03/11,04:04,92.461,2/2,53
2021/03/11,04:14,92.461,2/2,53
2021/03/11,04:24,92.461,2/2,53
2021/03/11,04:34,92.461,2/2,53
2021/03/11,04:44,92.387,2/2,52
2021/03/11,04:54,92.387,2/2,52
2021/03/11,05:04,92.387,2/2,52
2021/03/11,05:14,92.313,2/2,51
2021/03/11,05:24,92.239,2/2,50
2021/03/11,05:34,91.648,2/2,49
2021/03/11,05:44,91.648,2/2,49
2021/03/11,05:54,91.648,2/2,49
2021/03/11,06:04,91.648,2/2,49
2021/03/11,06:14,91.648,2/2,49
2021/03/11,06:24,90.466,2/2,48
2021/03/11,06:34,90.466,2/2,48
2021/03/11,06:44,90.466,2/2,48
2021/03/11,06:54,88.987,2/2,47
2021/03/11,07:04,88.987,2/2,47
2021/03/11,07:14,88.766,2/2,46
2021/03/11,07:24,88.766,2/2,46
2021/03/11,07:34,88.766,2/2,46
2021/03/11,07:44,88.766,2/2,46
2021/03/11,07:54,88.766,2/2,46
2021/03/11,08:04,88.766,2/2,46
2021/03/11,08:14,88.766,2/2,46
2021/03/11,08:24,92.092,2/3,47
2021/03/11,08:34,92.092,2/2,47
2021/03/11,08:44,91.353,2/2,45
2021/03/11,08:54,91.279,2/3,44
2021/03/11,09:04,91.279,2/2,44
2021/03/11,09:14,91.353,2/3,45
2021/03/11,09:24,90.761,4/7,43
2021/03/11,09:34,90.687,4/7,42
2021/03/11,09:44,90.983,8/15,41
2021/03/11,09:54,91.279,9/17,41
2021/03/11,10:04,90.392,11/20,40
2021/03/11,10:14,90.392,11/20,40
2021/03/11,10:24,90.392,12/22,40
2021/03/11,10:34,90.392,15/28,40
2021/03/11,10:44,90.392,16/30,40
2021/03/11,10:54,92.831,17/36,44
2021/03/11,11:04,90.244,16/33,42
2021/03/11,11:14,89.874,21/40,41
2021/03/11,11:24,99.557,22/43,42
2021/03/11,11:34,100.000,23/45,44
2021/03/11,11:44,100.000,24/45,44
2021/03/11,11:54,100.000,25/49,43
2021/03/11,12:04,100.000,23/45,43
2021/03/11,12:14,100.000,25/48,43
2021/03/11,12:24,99.926,21/46,46
2021/03/11,12:34,99.409,21/41,43
2021/03/11,12:44,99.261,21/42,44
2021/03/11,12:54,97.487,21/40,43
2021/03/11,13:04,97.487,23/44,43
2021/03/11,13:14,97.413,23/44,42
2021/03/11,13:24,97.413,23/44,42
2021/03/11,13:34,97.118,23/44,41
2021/03/11,13:44,97.118,31/60,41
2021/03/11,13:54,100.000,35/70,41
2021/03/11,14:04,100.000,37/73,41
2021/03/11,14:14,100.000,40/78,41
2021/03/11,14:24,99.704,39/80,42
2021/03/11,14:34,100.000,40/80,41
2021/03/11,14:44,100.000,42/82,41
2021/03/11,14:54,100.000,43/84,41
2021/03/11,15:04,100.000,44/86,41
2021/03/11,15:14,100.000,49/96,41
2021/03/11,15:24,100.000,49/99,41
2021/03/11,15:34,100.000,47/97,42
2021/03/11,15:44,100.000,48/98,40
2021/03/11,15:54,100.000,51/101,40
2021/03/11,16:04,100.000,51/102,40
2021/03/11,16:14,100.000,51/101,40
2021/03/11,16:24,100.000,53/106,40
2021/03/11,16:34,100.000,56/112,40
2021/03/11,16:44,100.000,57/112,40
2021/03/11,16:54,99.926,55/114,41
2021/03/11,17:04,100.000,58/117,42
2021/03/11,17:14,100.000,60/120,42
2021/03/11,17:24,100.000,63/126,42
2021/03/11,17:34,100.000,71/143,42
2021/03/11,17:44,99.778,66/139,47
2021/03/11,17:54,100.000,60/121,47
2021/03/11,18:04,97.339,65/135,48
2021/03/11,18:14,100.000,49/101,51
2021/03/11,18:24,100.000,51/100,51
2021/03/11,18:34,100.000,64/130,53
2021/03/11,18:44,100.000,46/97,58
2021/03/11,18:54,99.704,39/84,59
2021/03/11,19:04,99.778,47/98,58
2021/03/11,19:14,100.000,44/89,56
2021/03/11,19:24,100.000,43/85,54
2021/03/11,19:34,97.413,32/73,63
2021/03/11,19:44,99.778,26/57,62
2021/03/11,19:54,99.187,20/41,63
2021/03/11,20:04,98.891,20/40,61
2021/03/11,20:14,99.113,17/35,60
2021/03/11,20:24,96.822,16/30,58
2021/03/11,20:34,96.822,15/28,58
2021/03/11,20:44,96.896,15/29,59
2021/03/11,20:54,99.409,12/23,59
2021/03/11,21:04,99.409,10/18,59
2021/03/11,21:14,99.335,8/18,59
2021/03/11,21:24,99.335,6/13,59
2021/03/11,21:34,99.335,7/14,59
2021/03/11,21:44,98.965,3/12,62
2021/03/11,21:54,98.965,2/6,62
2021/03/11,22:04,99.557,2/7,62
2021/03/11,22:14,99.852,2/10,65
2021/03/11,22:24,95.344,1/8,67
2021/03/11,22:34,95.713,1/2,67
2021/03/11,22:44,95.713,3/4,67
2021/03/11,22:54,95.713,3/3,67
2021/03/11,23:04,92.166,3/3,65
2021/03/11,23:14,92.979,3/4,65
2021/03/11,23:24,90.687,3/3,63
2021/03/11,23:34,83.149,3/3,61
2021/03/11,23:44,87.879,3/5,63
2021/03/11,23:54,87.066,3/4,60
2021/03/12,00:04,87.731,3/5,62
2021/03/12,00:14,87.214,3/3,61
2021/03/12,00:24,87.214,3/3,61
2021/03/12,00:34,87.066,3/3,60
2021/03/12,00:44,87.066,3/3,60
2021/03/12,00:54,88.470,4/7,62
2021/03/12,01:04,89.653,3/5,63
2021/03/12,01:14,92.018,3/5,65
2021/03/12,01:24,90.835,5/9,65
2021/03/12,01:34,98.448,5/10,67
2021/03/12,01:44,96.970,5/5,66
2021/03/12,01:54,96.526,5/6,66
2021/03/12,02:04,95.048,5/5,65
2021/03/12,02:14,94.752,4/5,64
2021/03/12,02:24,94.678,4/4,63
2021/03/12,02:34,94.678,4/4,63
2021/03/12,02:44,94.678,4/4,63
2021/03/12,02:54,94.678,4/4,63
2021/03/12,03:04,94.383,4/4,62
2021/03/12,03:14,94.383,4/4,62
2021/03/12,03:24,94.383,4/4,62
2021/03/12,03:34,94.235,4/4,61
2021/03/12,03:44,94.383,4/5,62
2021/03/12,03:54,94.235,4/4,60
2021/03/12,04:04,94.383,4/5,61
2021/03/12,04:14,94.383,5/5,61
2021/03/12,04:24,94.383,5/5,61
2021/03/12,04:34,94.383,5/5,61
2021/03/12,04:44,94.826,4/5,61
2021/03/12,04:54,94.826,4/4,61
2021/03/12,05:04,94.457,4/4,60
2021/03/12,05:14,94.457,3/4,60
2021/03/12,05:24,94.457,3/3,60
2021/03/12,05:34,94.457,3/3,60
2021/03/12,05:44,94.457,3/3,60
2021/03/12,05:54,94.457,3/3,60
2021/03/12,06:04,95.565,3/4,61
2021/03/12,06:14,96.157,3/5,60
2021/03/12,06:24,97.265,3/4,61
2021/03/12,06:34,96.157,3/3,60
2021/03/12,06:44,94.900,3/4,58
2021/03/12,06:54,93.792,3/3,57
2021/03/12,07:04,94.900,3/4,58
2021/03/12,07:14,93.718,3/3,56
2021/03/12,07:24,93.718,3/3,56
2021/03/12,07:34,93.718,3/3,56
2021/03/12,07:44,47.598,3/5,55
2021/03/12,07:54,47.376,3/5,54
2021/03/12,08:04,47.228,3/5,53
2021/03/12,08:14,47.228,3/5,53
2021/03/12,08:24,47.228,4/7,53
2021/03/12,08:34,45.750,4/7,52
2021/03/12,08:44,44.568,5/11,53
2021/03/12,08:54,42.498,6/11,51
2021/03/12,09:04,42.350,6/12,51
2021/03/12,09:14,43.385,6/12,51
2021/03/12,09:24,41.168,6/13,50
2021/03/12,09:34,39.985,8/15,48
2021/03/12,09:44,39.985,9/17,48
2021/03/12,09:54,39.024,10/20,48
2021/03/12,10:04,39.246,12/24,49
2021/03/12,10:14,43.755,14/30,51
2021/03/12,10:24,39.394,14/29,51
2021/03/12,10:34,39.246,14/25,50
2021/03/12,10:44,41.316,18/36,52
2021/03/12,10:54,41.537,17/36,54
2021/03/12,11:04,39.320,17/33,52
2021/03/12,11:14,40.429,17/32,53
2021/03/12,11:24,39.320,17/31,52
2021/03/12,11:34,40.355,20/38,52
2021/03/12,11:44,40.059,26/53,52
2021/03/12,11:54,39.690,27/54,51
2021/03/12,12:04,39.468,34/68,51
2021/03/12,12:14,39.172,38/74,50
2021/03/12,12:24,39.172,44/86,50
2021/03/12,12:34,39.468,47/93,50
2021/03/12,12:44,42.424,49/97,50
2021/03/12,12:54,41.611,48/95,48
2021/03/12,13:04,41.316,51/102,49
2021/03/12,13:14,41.316,51/97,49
2021/03/12,13:24,42.055,51/99,51
2021/03/12,13:34,41.685,52/99,50
2021/03/12,13:44,43.976,52/101,52
2021/03/12,13:54,38.064,53/102,47
2021/03/12,14:04,100.000,52/103,47
2021/03/12,14:14,100.000,51/98,47
2021/03/12,14:24,100.000,52/101,47
2021/03/12,14:34,100.000,52/100,47
2021/03/12,14:44,100.000,53/102,47
2021/03/12,14:54,100.000,54/104,47
2021/03/12,15:04,99.335,55/107,47
2021/03/12,15:14,99.335,59/114,47
2021/03/12,15:24,99.335,59/114,47
2021/03/12,15:34,99.335,61/118,47
2021/03/12,15:44,99.335,61/118,47
2021/03/12,15:54,100.000,59/116,48
2021/03/12,16:04,100.000,59/113,48
2021/03/12,16:14,99.852,57/112,49
2021/03/12,16:24,99.852,60/115,49
2021/03/12,16:34,99.778,61/116,48
2021/03/12,16:44,99.778,61/116,48
2021/03/12,16:54,99.778,61/116,48
2021/03/12,17:04,99.926,60/115,48
2021/03/12,17:14,99.926,63/120,48
2021/03/12,17:24,99.926,63/120,48
2021/03/12,17:34,99.926,63/120,48
2021/03/12,17:44,99.852,62/119,48
2021/03/12,17:54,99.039,61/120,49
2021/03/12,18:04,99.704,61/119,49
2021/03/12,18:14,97.931,62/118,48
2021/03/12,18:24,95.935,62/118,45
2021/03/12,18:34,100.000,60/116,45
2021/03/12,18:44,100.000,60/114,45
2021/03/12,18:54,100.000,62/118,45
2021/03/12,19:04,100.000,62/118,45
2021/03/12,19:14,100.000,63/120,45
2021/03/12,19:24,100.000,65/125,45
2021/03/12,19:34,100.000,63/122,46
2021/03/12,19:44,100.000,63/120,46
2021/03/12,19:54,100.000,62/119,46
2021/03/12,20:04,99.926,63/120,45
2021/03/12,20:14,99.926,66/126,45
2021/03/12,20:24,99.926,64/124,46
2021/03/12,20:34,99.926,64/122,46
2021/03/12,20:44,99.926,64/122,46
2021/03/12,20:54,99.926,64/122,46
2021/03/12,21:04,99.926,64/122,46
2021/03/12,21:14,99.926,64/122,46
2021/03/12,21:24,99.926,64/125,46
2021/03/12,21:34,99.926,64/123,46
2021/03/12,21:44,99.852,63/123,44
2021/03/12,21:54,99.778,62/121,43
2021/03/12,22:04,99.852,61/119,43
2021/03/12,22:14,99.852,63/122,43
2021/03/12,22:24,99.778,62/121,43
2021/03/12,22:34,99.557,60/118,43
2021/03/12,22:44,99.039,59/114,43
2021/03/12,22:54,99.039,59/113,43
2021/03/12,23:04,99.039,60/114,43
2021/03/12,23:14,98.670,59/113,43
2021/03/12,23:24,98.670,60/114,43
2021/03/12,23:34,98.670,60/114,43
2021/03/12,23:44,99.261,60/115,43
2021/03/12,23:54,94.235,60/114,41
2021/03/13,00:04,94.235,59/114,41
2021/03/13,00:14,91.353,61/118,40
2021/03/13,00:24,90.983,61/117,39
2021/03/13,00:34,90.983,61/117,39
2021/03/13,00:44,87.657,61/118,38
2021/03/13,00:54,87.657,61/118,38
2021/03/13,01:04,86.475,61/118,37
2021/03/13,01:14,85.661,60/117,37
2021/03/13,01:24,84.922,61/118,36
2021/03/13,01:34,84.996,60/121,35
2021/03/13,01:44,100.000,60/121,35
2021/03/13,01:54,100.000,60/120,35
2021/03/13,02:04,100.000,60/120,35
2021/03/13,02:14,100.000,60/120,35
2021/03/13,02:24,100.000,60/120,35
2021/03/13,02:34,99.557,60/120,34
2021/03/13,02:44,99.557,59/119,34
2021/03/13,02:54,99.557,59/117,34
2021/03/13,03:04,99.557,59/117,34
2021/03/13,03:14,100.000,57/115,34
2021/03/13,03:24,100.000,57/113,34
2021/03/13,03:34,100.000,57/113,34
2021/03/13,03:44,100.000,56/112,34
2021/03/13,03:54,99.926,56/111,33
2021/03/13,04:04,99.926,56/111,33
2021/03/13,04:14,99.926,56/111,33
2021/03/13,04:24,99.926,56/111,33
2021/03/13,04:34,99.926,56/111,33
2021/03/13,04:44,99.926,56/111,33
2021/03/13,04:54,99.852,56/111,32
2021/03/13,05:04,100.000,55/110,32
2021/03/13,05:14,100.000,55/109,32
2021/03/13,05:24,100.000,55/109,32
2021/03/13,05:34,100.000,55/109,32
2021/03/13,05:44,100.000,55/109,32
2021/03/13,05:54,100.000,53/107,33
2021/03/13,06:04,100.000,52/104,33
2021/03/13,06:14,100.000,52/103,33
2021/03/13,06:24,100.000,52/103,33
2021/03/13,06:34,100.000,23/75,62
2021/03/13,06:44,99.039,11/26,70
2021/03/13,06:54,99.039,10/15,70
2021/03/13,07:04,98.817,10/15,69
2021/03/13,07:14,98.817,10/15,69
2021/03/13,07:24,98.817,10/15,69
2021/03/13,07:34,98.817,10/15,69
2021/03/13,07:44,98.817,10/15,69
2021/03/13,07:54,96.748,10/15,67
2021/03/13,08:04,96.748,10/15,67
2021/03/13,08:14,99.483,9/14,67
2021/03/13,08:24,99.483,9/13,67
2021/03/13,08:34,99.483,9/13,67
2021/03/13,08:44,99.483,10/15,67
2021/03/13,08:54,99.926,11/18,68
2021/03/13,09:04,99.926,14/23,68
2021/03/13,09:14,99.926,14/23,68
2021/03/13,09:24,100.000,13/22,68
2021/03/13,09:34,100.000,15/25,68
2021/03/13,09:44,100.000,16/27,68
2021/03/13,09:54,99.926,16/29,69
2021/03/13,10:04,99.926,20/35,69
2021/03/13,10:14,99.704,20/35,68
2021/03/13,10:24,99.630,22/39,67
2021/03/13,10:34,99.926,24/44,68
2021/03/13,10:44,99.926,24/43,68
2021/03/13,10:54,99.778,24/44,68
2021/03/13,11:04,99.187,25/45,66
2021/03/13,11:14,99.261,28/54,67
2021/03/13,11:24,97.857,23/43,67
2021/03/13,11:34,99.704,22/42,67
2021/03/13,11:44,99.557,22/41,67
2021/03/13,11:54,99.483,22/40,66
2021/03/13,12:04,99.483,28/52,66
2021/03/13,12:14,99.113,33/62,63
2021/03/13,12:24,99.113,35/66,63
2021/03/13,12:34,99.113,35/66,63
2021/03/13,12:44,99.113,35/66,63
2021/03/13,12:54,98.891,35/66,62
2021/03/13,13:04,98.891,36/68,62
2021/03/13,13:14,99.557,37/72,63
2021/03/13,13:24,99.039,36/74,62
2021/03/13,13:34,98.965,34/68,63
2021/03/13,13:44,98.965,31/60,63
2021/03/13,13:54,98.965,33/64,63
2021/03/13,14:04,98.965,33/66,63
2021/03/13,14:14,99.926,31/63,64
2021/03/13,14:24,99.926,31/61,64
2021/03/13,14:34,99.926,32/63,64
2021/03/13,14:44,99.926,38/75,64
2021/03/13,14:54,99.926,42/83,64
2021/03/13,15:04,99.926,42/83,64
2021/03/13,15:14,99.926,43/85,64
2021/03/13,15:24,100.000,42/84,64
2021/03/13,15:34,100.000,45/90,64
2021/03/13,15:44,100.000,44/88,64
2021/03/13,15:54,100.000,43/85,64
2021/03/13,16:04,100.000,43/85,64
2021/03/13,16:14,100.000,46/91,64
2021/03/13,16:24,100.000,46/92,64
2021/03/13,16:34,100.000,46/91,64
2021/03/13,16:44,99.926,40/85,69
2021/03/13,16:54,99.926,42/83,69
2021/03/13,17:04,99.926,44/87,69
2021/03/13,17:14,99.926,42/85,70
2021/03/13,17:24,99.926,42/81,70
2021/03/13,17:34,99.926,44/85,70
2021/03/13,17:44,99.926,44/85,70
2021/03/13,17:54,99.926,48/93,70
2021/03/13,18:04,99.778,46/92,70
2021/03/13,18:14,99.704,45/88,70
2021/03/13,18:24,99.335,45/89,68
2021/03/13,18:34,98.744,46/92,66
2021/03/13,18:44,99.704,45/90,65
2021/03/13,18:54,99.261,47/94,62
2021/03/13,19:04,97.487,46/92,62
2021/03/13,19:14,97.487,47/90,62
2021/03/13,19:24,100.000,48/93,62
2021/03/13,19:34,100.000,50/96,62
2021/03/13,19:44,100.000,51/98,62
2021/03/13,19:54,99.852,51/99,62
2021/03/13,20:04,99.852,51/98,62
2021/03/13,20:14,100.000,51/99,63
2021/03/13,20:24,100.000,51/98,63
2021/03/13,20:34,99.852,51/98,62
2021/03/13,20:44,100.000,54/105,62
2021/03/13,20:54,100.000,54/109,61
2021/03/13,21:04,100.000,52/100,61
2021/03/13,21:14,100.000,51/99,61
2021/03/13,21:24,100.000,51/98,61
2021/03/13,21:34,99.704,51/98,60
2021/03/13,21:44,99.704,51/98,60
2021/03/13,21:54,99.926,46/94,64
2021/03/13,22:04,99.704,49/96,63
2021/03/13,22:14,99.704,47/91,64
2021/03/13,22:24,99.704,47/89,64
2021/03/13,22:34,99.261,48/92,63
2021/03/13,22:44,99.261,48/91,63
2021/03/13,22:54,99.261,48/91,63
2021/03/13,23:04,100.000,43/90,68
2021/03/13,23:14,99.778,40/79,72
2021/03/13,23:24,99.704,40/74,71
2021/03/13,23:34,100.000,39/75,73
2021/03/13,23:44,99.926,38/70,72
2021/03/13,23:54,99.926,39/72,72
2021/03/14,00:04,99.926,38/71,72
2021/03/14,00:14,99.704,37/69,70
2021/03/14,00:24,99.852,37/70,70
2021/03/14,00:34,100.000,37/69,71
2021/03/14,00:44,99.852,37/69,70
2021/03/14,00:54,99.852,37/68,70
2021/03/14,01:04,99.630,35/66,69
2021/03/14,01:14,99.039,34/63,67
2021/03/14,01:24,97.118,34/63,63
2021/03/14,01:34,98.670,31/61,65
2021/03/14,01:44,96.822,29/54,64
2021/03/14,01:54,96.970,25/50,66
2021/03/14,02:04,93.348,24/45,64
2021/03/14,02:14,90.096,24/44,63
2021/03/14,02:24,90.096,24/44,63
2021/03/14,02:34,86.548,24/44,61
2021/03/14,02:44,86.179,24/44,60
2021/03/14,02:54,86.179,24/44,60
2021/03/14,03:04,86.179,25/47,60
2021/03/14,03:14,85.883,25/46,59
2021/03/14,03:24,99.630,24/45,56
2021/03/14,03:34,99.630,24/44,56
2021/03/14,03:44,99.630,24/44,56
2021/03/14,03:54,99.630,24/44,56
2021/03/14,04:04,99.557,24/44,55
2021/03/14,04:14,99.557,24/44,55
2021/03/14,04:24,99.557,24/44,55
2021/03/14,04:34,97.783,24/44,54
2021/03/14,04:44,97.783,24/44,54
2021/03/14,04:54,97.783,24/44,54
2021/03/14,05:04,100.000,22/45,56
2021/03/14,05:14,100.000,19/36,56
2021/03/14,05:24,100.000,20/37,56
2021/03/14,05:34,100.000,20/37,56
2021/03/14,05:44,100.000,20/37,56
2021/03/14,05:54,100.000,21/40,56
2021/03/14,06:04,100.000,21/39,56
2021/03/14,06:14,100.000,20/38,56
2021/03/14,06:24,100.000,20/37,56
2021/03/14,06:34,100.000,20/37,56
2021/03/14,06:44,88.544,4/24,66
2021/03/14,06:54,87.731,3/4,64
2021/03/14,07:04,87.731,3/3,64
2021/03/14,07:14,87.288,3/3,63
2021/03/14,07:24,86.179,3/3,62
2021/03/14,07:34,86.179,3/3,62
2021/03/14,07:44,89.505,3/4,63
2021/03/14,07:54,89.505,3/3,63
2021/03/14,08:04,89.283,3/3,62
2021/03/14,08:14,89.283,3/3,62
2021/03/14,08:24,89.283,3/4,62
2021/03/14,08:34,89.283,3/3,62
2021/03/14,08:44,89.283,3/3,62
2021/03/14,08:54,89.283,3/3,62
2021/03/14,09:04,88.987,3/5,63
2021/03/14,09:14,88.987,3/3,63
2021/03/14,09:24,88.987,3/3,63
2021/03/14,09:34,89.431,3/4,64
2021/03/14,09:44,89.431,3/3,64
2021/03/14,09:54,89.357,3/4,64
2021/03/14,10:04,90.983,3/5,66
2021/03/14,10:14,64.893,4/5,62
2021/03/14,10:24,64.523,5/8,62
2021/03/14,10:34,64.819,4/6,63
2021/03/14,10:44,64.819,4/5,63
2021/03/14,10:54,64.819,4/5,63
2021/03/14,11:04,65.115,5/9,63
2021/03/14,11:14,65.115,4/5,63
2021/03/14,11:24,66.445,5/9,65
2021/03/14,11:34,66.445,7/11,65
2021/03/14,11:44,61.419,7/11,63
2021/03/14,11:54,60.828,6/10,63
2021/03/14,12:04,60.828,6/9,63
2021/03/14,12:14,60.828,6/9,63
2021/03/14,12:24,60.828,6/9,63
2021/03/14,12:34,61.271,8/14,64
2021/03/14,12:44,61.271,10/16,64
2021/03/14,12:54,61.271,10/16,64
2021/03/14,13:04,60.976,8/18,64
2021/03/14,13:14,60.089,8/14,63
2021/03/14,13:24,60.089,8/14,63
2021/03/14,13:34,59.719,8/14,62
2021/03/14,13:44,59.793,7/16,62
2021/03/14,13:54,57.354,9/19,62
2021/03/14,14:04,57.354,8/16,62
2021/03/14,14:14,99.852,6/13,61
2021/03/14,14:24,100.000,5/10,61
2021/03/14,14:34,100.000,5/9,61
2021/03/14,14:44,100.000,5/9,61
2021/03/14,14:54,100.000,6/11,61
2021/03/14,15:04,100.000,6/11,61
2021/03/14,15:14,100.000,6/11,61
2021/03/14,15:24,100.000,6/11,61
2021/03/14,15:34,100.000,6/11,61
2021/03/14,15:44,100.000,6/11,61
2021/03/14,15:54,100.000,8/15,61
2021/03/14,16:04,100.000,12/23,61
2021/03/14,16:14,100.000,12/25,61
2021/03/14,16:24,99.926,10/22,62
2021/03/14,16:34,99.926,11/23,62
2021/03/14,16:44,99.778,11/23,62
2021/03/14,16:54,99.926,9/20,61
2021/03/14,17:04,100.000,7/15,62
2021/03/14,17:14,99.483,4/11,64
2021/03/14,17:24,99.704,4/7,65
2021/03/14,17:34,99.704,4/6,65
2021/03/14,17:44,99.778,6/11,66
2021/03/14,17:54,100.000,5/10,67
2021/03/14,18:04,99.557,3/6,68
2021/03/14,18:14,99.557,3/4,68
2021/03/14,18:24,99.557,3/4,68
2021/03/14,18:34,99.483,4/6,67
2021/03/14,18:44,99.483,4/6,67
2021/03/14,18:54,99.483,4/6,67
2021/03/14,19:04,99.409,5/8,66
2021/03/14,19:14,99.483,4/7,67
2021/03/14,19:24,99.261,4/6,66
2021/03/14,19:34,99.261,4/6,66
2021/03/14,19:44,99.852,3/5,66
2021/03/14,19:54,99.852,4/6,66
2021/03/14,20:04,100.000,4/8,68
2021/03/14,20:14,100.000,4/6,68
2021/03/14,20:24,100.000,5/8,68
2021/03/14,20:34,99.926,8/14,67
2021/03/14,20:44,60.680,2/8,71
2021/03/14,20:54,60.163,2/5,72
2021/03/14,21:04,60.458,4/9,74
2021/03/14,21:14,60.458,4/4,74
2021/03/14,21:24,60.606,3/7,74
2021/03/14,21:34,60.828,2/4,74
2021/03/14,21:44,60.828,2/2,74
2021/03/14,21:54,60.828,3/3,74
2021/03/14,22:04,66.962,5/7,75
2021/03/14,22:14,70.510,5/6,76
2021/03/14,22:24,70.510,6/6,76
2021/03/14,22:34,67.554,7/16,75
2021/03/14,22:44,67.775,6/12,75
2021/03/14,22:54,71.471,6/7,76
2021/03/14,23:04,71.471,7/8,76
2021/03/14,23:14,77.901,10/21,77
2021/03/14,23:24,81.079,10/21,77
2021/03/14,23:34,79.379,10/20,77
2021/03/14,23:44,82.631,10/16,78
2021/03/14,23:54,82.631,11/16,78
2021/03/15,00:04,82.631,12/17,78
2021/03/15,00:14,82.631,16/21,78
2021/03/15,00:24,83.592,14/30,78
2021/03/15,00:34,83.592,13/26,78
2021/03/15,00:44,83.592,12/24,78
2021/03/15,00:54,81.966,11/24,78
2021/03/15,01:04,82.336,10/21,78
2021/03/15,01:14,82.188,9/18,77
2021/03/15,01:24,82.188,7/15,77
2021/03/15,01:34,81.301,7/13,74
2021/03/15,01:44,81.227,7/13,73
2021/03/15,01:54,80.857,7/13,72
2021/03/15,02:04,80.857,7/13,72
2021/03/15,02:14,80.857,7/13,72
2021/03/15,02:24,80.857,10/19,72
2021/03/15,02:34,74.353,10/19,70
2021/03/15,02:44,67.627,10/19,68
2021/03/15,02:54,67.627,10/19,68
2021/03/15,03:04,63.636,10/19,66
2021/03/15,03:14,63.636,10/19,66
2021/03/15,03:24,63.636,10/19,66
2021/03/15,03:34,61.789,10/19,65
2021/03/15,03:44,61.789,10/19,65
2021/03/15,03:54,61.789,10/19,65
2021/03/15,04:04,61.789,10/19,65
2021/03/15,04:14,58.019,9/18,64
2021/03/15,04:24,58.019,9/17,64
2021/03/15,04:34,56.837,9/17,61
2021/03/15,04:44,56.837,9/17,61
2021/03/15,04:54,56.245,9/18,60
2021/03/15,05:04,63.784,4/13,65
2021/03/15,05:14,63.415,6/13,64
2021/03/15,05:24,63.415,5/11,64
2021/03/15,05:34,63.415,5/9,64
2021/03/15,05:44,63.415,5/10,64
2021/03/15,05:54,63.193,5/9,63
2021/03/15,06:04,63.193,4/9,63
2021/03/15,06:14,92.018,3/7,61
2021/03/15,06:24,92.018,0/3,63
2021/03/15,06:34,91.944,2/0,62
2021/03/15,06:44,91.944,2/0,62
2021/03/15,06:54,84.627,1/3,55
2021/03/15,07:04,84.627,2/4,55
2021/03/15,07:14,84.627,2/4,55
2021/03/15,07:24,84.627,2/4,55
2021/03/15,07:34,84.627,2/4,55
2021/03/15,07:44,84.627,2/4,55
2021/03/15,07:54,84.627,2/4,55
2021/03/15,08:04,87.879,2/5,56
2021/03/15,08:14,87.583,3/7,56
2021/03/15,08:24,85.809,3/6,55
2021/03/15,08:34,81.744,3/6,52
2021/03/15,08:44,97.561,3/9,55
2021/03/15,08:54,81.818,3/7,53
2021/03/15,09:04,81.818,3/7,53
2021/03/15,09:14,81.375,4/10,53
2021/03/15,09:24,78.492,3/8,53
2021/03/15,09:34,77.679,6/13,53
2021/03/15,09:44,77.236,9/18,52
2021/03/15,09:54,76.866,10/21,52
2021/03/15,10:04,77.384,10/22,54
2021/03/15,10:14,81.523,12/25,54
2021/03/15,10:24,81.449,14/28,53
2021/03/15,10:34,81.227,14/29,53
2021/03/15,10:44,84.183,14/29,52
2021/03/15,10:54,81.079,19/41,54
2021/03/15,11:04,85.366,20/45,59
2021/03/15,11:14,85.809,19/41,60
2021/03/15,11:24,82.853,19/37,60
2021/03/15,11:34,82.557,20/36,59
2021/03/15,11:44,82.188,20/37,59
2021/03/15,11:54,82.705,21/42,61
2021/03/15,12:04,83.001,25/47,62
2021/03/15,12:14,83.296,25/47,63
2021/03/15,12:24,82.853,26/48,62
2021/03/15,12:34,82.262,26/47,60
2021/03/15,12:44,89.727,27/54,64
2021/03/15,12:54,88.692,32/64,66
2021/03/15,13:04,92.831,30/56,64
2021/03/15,13:14,92.018,32/57,63
2021/03/15,13:24,94.013,32/58,61
2021/03/15,13:34,91.574,31/60,61
2021/03/15,13:44,91.279,29/56,62
2021/03/15,13:54,91.279,29/52,62
2021/03/15,14:04,90.909,27/51,62
2021/03/15,14:14,88.840,26/48,60
2021/03/15,14:24,88.766,26/50,60
2021/03/15,14:34,88.101,27/51,57
2021/03/15,14:44,86.844,23/47,60
2021/03/15,14:54,86.770,22/41,60
2021/03/15,15:04,87.879,25/47,63
2021/03/15,15:14,88.840,28/55,66
2021/03/15,15:24,89.209,25/47,66
2021/03/15,15:34,89.283,25/44,66
2021/03/15,15:44,87.805,24/42,65
2021/03/15,15:54,86.622,24/42,62
2021/03/15,16:04,86.992,25/46,63
2021/03/15,16:14,85.735,28/55,60
2021/03/15,16:24,85.661,28/53,59
2021/03/15,16:34,84.405,28/54,58
2021/03/15,16:44,84.405,29/56,58
2021/03/15,16:54,85.144,32/63,60
2021/03/15,17:04,85.957,35/71,63
2021/03/15,17:14,85.883,36/66,62
2021/03/15,17:24,85.661,37/69,61
2021/03/15,17:34,86.475,37/74,63
2021/03/15,17:44,85.366,37/71,60
2021/03/15,17:54,85.292,37/72,59
2021/03/15,18:04,85.366,37/72,60
2021/03/15,18:14,82.779,38/76,55
2021/03/15,18:24,82.188,38/75,54
2021/03/15,18:34,79.897,39/76,54
2021/03/15,18:44,79.823,39/75,53
2021/03/15,18:54,79.823,39/75,53
2021/03/15,19:04,79.010,39/75,51
2021/03/15,19:14,79.010,39/75,51
2021/03/15,19:24,79.010,39/75,51
2021/03/15,19:34,78.714,39/75,50
2021/03/15,19:44,78.492,39/77,49
2021/03/15,19:54,77.679,41/81,48
2021/03/15,20:04,77.679,42/83,48
2021/03/15,20:14,77.975,42/85,50
2021/03/15,20:24,77.975,42/83,50
2021/03/15,20:34,77.975,42/83,50
2021/03/15,20:44,78.123,43/86,51
2021/03/15,20:54,74.575,44/87,49
2021/03/15,21:04,74.575,44/87,49
2021/03/15,21:14,74.575,44/87,49
2021/03/15,21:24,73.319,44/87,46
2021/03/15,21:34,73.097,44/87,45
2021/03/15,21:44,72.358,43/86,44
2021/03/15,21:54,72.579,44/87,45
2021/03/15,22:04,72.875,44/90,47
2021/03/15,22:14,68.958,44/86,45
2021/03/15,22:24,68.958,44/86,45
2021/03/15,22:34,69.032,44/88,46
2021/03/15,22:44,68.441,45/87,44
2021/03/15,22:54,68.367,47/92,43
2021/03/15,23:04,72.210,48/96,44
2021/03/15,23:14,68.662,48/94,42
2021/03/15,23:24,70.140,48/97,45
2021/03/15,23:34,66.741,48/96,45
2021/03/15,23:44,65.558,49/98,43
2021/03/15,23:54,65.336,49/99,43
2021/03/16,00:04,65.558,50/102,43
2021/03/16,00:14,65.558,50/100,43
2021/03/16,00:24,65.484,50/100,42
2021/03/16,00:34,65.484,50/101,42
2021/03/16,00:44,64.893,50/100,40
2021/03/16,00:54,64.893,50/100,40
2021/03/16,01:04,64.893,50/100,40
2021/03/16,01:14,64.597,51/102,39
2021/03/16,01:24,64.597,51/102,39
2021/03/16,01:34,64.597,51/102,39
2021/03/16,01:44,64.597,51/102,39
2021/03/16,01:54,64.597,51/102,39
2021/03/16,02:04,64.523,51/102,38
2021/03/16,02:14,64.523,51/102,38
2021/03/16,02:24,64.375,51/102,36
2021/03/16,02:34,64.375,51/102,36
2021/03/16,02:44,64.375,51/102,36
2021/03/16,02:54,64.375,51/102,36
2021/03/16,03:04,64.375,51/102,36
2021/03/16,03:14,64.375,51/102,36
2021/03/16,03:24,61.123,51/102,35
2021/03/16,03:34,61.123,51/102,35
2021/03/16,03:44,56.689,51/102,34
2021/03/16,03:54,56.689,51/102,34
2021/03/16,04:04,56.467,51/102,33
2021/03/16,04:14,56.467,51/102,33
2021/03/16,04:24,56.467,51/102,33
2021/03/16,04:34,56.467,51/102,33
2021/03/16,04:44,56.467,51/102,33
2021/03/16,04:54,56.467,51/102,33
2021/03/16,05:04,56.467,51/102,33
2021/03/16,05:14,51.885,50/101,30
2021/03/16,05:24,51.885,52/105,30
2021/03/16,05:34,100.000,51/103,28
2021/03/16,05:44,100.000,50/100,28
2021/03/16,05:54,100.000,50/100,28
2021/03/16,06:04,100.000,50/100,28
2021/03/16,06:14,100.000,48/98,29
2021/03/16,06:24,100.000,48/96,29
2021/03/16,06:34,100.000,19/67,55
2021/03/16,06:44,100.000,18/35,55
2021/03/16,06:54,100.000,16/34,56
2021/03/16,07:04,100.000,15/29,56
2021/03/16,07:14,100.000,16/31,56
2021/03/16,07:24,100.000,18/35,56
2021/03/16,07:34,100.000,20/39,56
2021/03/16,07:44,100.000,20/39,56
2021/03/16,07:54,100.000,20/39,56
2021/03/16,08:04,100.000,22/43,56
2021/03/16,08:14,100.000,24/47,56
2021/03/16,08:24,100.000,26/51,56
2021/03/16,08:34,100.000,26/51,56
2021/03/16,08:44,100.000,26/51,56
2021/03/16,08:54,100.000,26/51,56
2021/03/16,09:04,100.000,28/55,56
2021/03/16,09:14,100.000,28/55,56
2021/03/16,09:24,100.000,28/55,56
2021/03/16,09:34,100.000,31/61,56
2021/03/16,09:44,100.000,32/63,56
2021/03/16,09:54,100.000,36/71,56
2021/03/16,10:04,100.000,37/73,56
2021/03/16,10:14,100.000,44/87,56
2021/03/16,10:24,100.000,44/87,56
2021/03/16,10:34,100.000,45/89,56
2021/03/16,10:44,100.000,45/90,56
2021/03/16,10:54,100.000,49/97,56
2021/03/16,11:04,100.000,53/105,56
2021/03/16,11:14,100.000,58/115,56
2021/03/16,11:24,100.000,64/127,56
2021/03/16,11:34,100.000,66/131,56
2021/03/16,11:44,99.926,68/137,57
2021/03/16,11:54,99.778,66/133,58
2021/03/16,12:04,99.852,59/126,66
2021/03/16,12:14,100.000,58/115,66
2021/03/16,12:24,100.000,67/134,65
2021/03/16,12:34,99.926,69/139,65
2021/03/16,12:44,100.000,66/134,67
2021/03/16,12:54,99.926,65/132,66
2021/03/16,13:04,99.926,65/130,66
2021/03/16,13:14,99.778,64/128,64
2021/03/16,13:24,100.000,62/125,65
2021/03/16,13:34,99.630,63/126,64
2021/03/16,13:44,99.704,63/126,65
2021/03/16,13:54,99.483,65/131,64
2021/03/16,14:04,99.483,65/128,64
2021/03/16,14:14,99.852,66/131,63
2021/03/16,14:24,99.778,68/134,62
2021/03/16,14:34,99.778,69/136,62
2021/03/16,14:44,99.778,69/136,62
2021/03/16,14:54,99.926,69/140,61
2021/03/16,15:04,100.000,69/138,61
2021/03/16,15:14,100.000,72/143,61
2021/03/16,15:24,100.000,73/145,61
2021/03/16,15:34,100.000,77/153,61
2021/03/16,15:44,100.000,77/153,61
2021/03/16,15:54,100.000,81/161,61
2021/03/16,16:04,100.000,83/165,61
2021/03/16,16:14,100.000,83/165,61
2021/03/16,16:24,100.000,86/171,61
2021/03/16,16:34,100.000,89/178,61
2021/03/16,16:44,100.000,89/177,61
2021/03/16,16:54,100.000,92/184,61
2021/03/16,17:04,100.000,95/189,61
2021/03/16,17:14,100.000,97/193,61
2021/03/16,17:24,100.000,97/193,61
2021/03/16,17:34,100.000,99/197,61
2021/03/16,17:44,100.000,99/197,61
2021/03/16,17:54,100.000,99/197,61
2021/03/16,18:04,100.000,98/196,61
2021/03/16,18:14,100.000,99/197,61
2021/03/16,18:24,100.000,99/198,61
2021/03/16,18:34,99.926,100/199,60
2021/03/16,18:44,99.926,102/203,60
2021/03/16,18:54,99.852,103/205,59
2021/03/16,19:04,99.852,102/204,59
2021/03/16,19:14,99.852,102/204,59
2021/03/16,19:24,100.000,103/207,60
2021/03/16,19:34,100.000,101/203,60
2021/03/16,19:44,99.852,101/202,58
2021/03/16,19:54,100.000,101/202,59
2021/03/16,20:04,100.000,101/201,59
2021/03/16,20:14,100.000,107/214,57
2021/03/16,20:24,100.000,107/213,57
2021/03/16,20:34,100.000,107/213,57
2021/03/16,20:44,100.000,110/220,57
2021/03/16,20:54,100.000,110/219,57
2021/03/16,21:04,100.000,110/219,57
2021/03/16,21:14,100.000,109/218,56
2021/03/16,21:24,100.000,110/219,56
2021/03/16,21:34,99.926,110/220,56
2021/03/16,21:44,100.000,109/218,57
2021/03/16,21:54,100.000,109/217,57
2021/03/16,22:04,100.000,109/217,57
2021/03/16,22:14,100.000,109/217,57
2021/03/16,22:24,100.000,109/217,57
2021/03/16,22:34,100.000,109/217,57
2021/03/16,22:44,100.000,113/225,57
2021/03/16,22:54,100.000,116/231,57
2021/03/16,23:04,100.000,116/232,57
2021/03/16,23:14,100.000,119/237,57
2021/03/16,23:24,100.000,119/237,57
2021/03/16,23:34,100.000,119/237,57
2021/03/16,23:44,99.926,125/250,57
2021/03/16,23:54,100.000,124/248,58
2021/03/17,00:04,100.000,122/245,59
2021/03/17,00:14,100.000,122/243,59
2021/03/17,00:24,100.000,122/243,59
2021/03/17,00:34,100.000,122/243,59
2021/03/17,00:44,100.000,122/245,58
2021/03/17,00:54,100.000,122/244,58
2021/03/17,01:04,100.000,127/255,58
2021/03/17,01:14,100.000,121/242,58
2021/03/17,01:24,100.000,121/242,58
2021/03/17,01:34,99.926,121/243,58
2021/03/17,01:44,99.630,127/255,57
2021/03/17,01:54,100.000,126/253,57
2021/03/17,02:04,100.000,126/253,57
2021/03/17,02:14,100.000,126/252,57
2021/03/17,02:24,100.000,126/252,57
2021/03/17,02:34,100.000,125/251,57
2021/03/17,02:44,100.000,126/252,57
2021/03/17,02:54,100.000,126/252,57
2021/03/17,03:04,100.000,125/251,55
2021/03/17,03:14,99.926,124/249,55
2021/03/17,03:24,100.000,128/258,56
2021/03/17,03:34,100.000,123/246,56
2021/03/17,03:44,100.000,123/246,56
2021/03/17,03:54,100.000,122/245,56
2021/03/17,04:04,100.000,121/243,56
2021/03/17,04:14,100.000,125/251,55
2021/03/17,04:24,99.852,119/238,55
2021/03/17,04:34,99.778,118/236,52
2021/03/17,04:44,99.557,122/245,50
2021/03/17,04:54,99.483,121/243,49
2021/03/17,05:04,100.000,119/240,49
2021/03/17,05:14,100.000,118/236,49
2021/03/17,05:24,100.000,118/236,49
2021/03/17,05:34,100.000,117/235,49
2021/03/17,05:44,100.000,115/232,50
2021/03/17,05:54,100.000,115/228,50
2021/03/17,06:04,100.000,116/233,50
2021/03/17,06:14,100.000,110/224,54
2021/03/17,06:24,99.926,107/213,54
2021/03/17,06:34,100.000,90/197,71
2021/03/17,06:44,90.022,70/158,79
2021/03/17,06:54,99.039,64/130,79
2021/03/17,07:04,98.965,54/107,79
2021/03/17,07:14,96.970,49/98,79
2021/03/17,07:24,96.378,46/91,79
2021/03/17,07:34,96.378,45/86,79
2021/03/17,07:44,88.987,46/92,79
2021/03/17,07:54,88.174,44/85,79
2021/03/17,08:04,84.109,43/82,78
2021/03/17,08:14,84.035,41/79,78
2021/03/17,08:24,84.035,39/75,78
2021/03/17,08:34,83.814,37/71,78
2021/03/17,08:44,83.592,36/68,78
2021/03/17,08:54,83.592,36/38,78
2021/03/17,09:04,82.483,40/77,78
2021/03/17,09:14,82.557,38/71,78
2021/03/17,09:24,82.040,36/67,78
2021/03/17,09:34,78.714,35/37,77
2021/03/17,09:44,78.714,35/37,77
2021/03/17,09:54,78.566,42/73,77
2021/03/17,10:04,78.566,42/73,77
2021/03/17,10:14,78.566,42/44,77
2021/03/17,10:24,78.566,44/78,77
2021/03/17,10:34,78.566,41/43,77
2021/03/17,10:44,81.596,43/75,78
2021/03/17,10:54,78.271,40/42,77
2021/03/17,11:04,78.418,45/78,77
2021/03/17,11:14,80.488,38/46,77
2021/03/17,11:24,80.488,39/42,77
2021/03/17,11:34,80.488,39/42,77
2021/03/17,11:44,80.562,51/92,77
2021/03/17,11:54,82.114,56/101,77
2021/03/17,12:04,83.296,54/104,77
2021/03/17,12:14,83.370,49/93,77
2021/03/17,12:24,81.966,46/87,77
2021/03/17,12:34,82.557,45/84,77
2021/03/17,12:44,81.227,45/84,77
2021/03/17,12:54,82.114,43/80,77
2021/03/17,13:04,82.188,46/56,77
2021/03/17,13:14,82.188,43/49,77
2021/03/17,13:24,81.301,48/90,77
2021/03/17,13:34,81.301,42/48,77
2021/03/17,13:44,82.040,50/95,77
2021/03/17,13:54,82.779,50/95,77
2021/03/17,14:04,80.710,48/93,73
2021/03/17,14:14,79.453,47/89,70
2021/03/17,14:24,78.418,47/88,69
2021/03/17,14:34,77.975,49/92,68
2021/03/17,14:44,77.088,51/96,68
2021/03/17,14:54,77.088,50/95,69
2021/03/17,15:04,76.792,47/90,70
2021/03/17,15:14,100.000,47/91,71
2021/03/17,15:24,100.000,43/79,71
2021/03/17,15:34,100.000,42/83,76
2021/03/17,15:44,100.000,41/74,76
2021/03/17,15:54,100.000,42/76,76
2021/03/17,16:04,99.852,42/77,75
2021/03/17,16:14,99.926,39/74,78
2021/03/17,16:24,99.630,47/87,77
2021/03/17,16:34,99.704,43/53,78
2021/03/17,16:44,99.704,40/44,78
2021/03/17,16:54,99.704,40/45,78
2021/03/17,17:04,99.704,47/85,78
2021/03/17,17:14,99.704,40/44,78
2021/03/17,17:24,99.704,40/44,78
2021/03/17,17:34,99.704,40/44,78
2021/03/17,17:44,99.778,42/75,78
2021/03/17,17:54,99.557,42/75,78
2021/03/17,18:04,99.557,39/71,78
2021/03/17,18:14,99.039,38/72,78
2021/03/17,18:24,99.926,36/65,78
2021/03/17,18:34,99.926,35/44,78
2021/03/17,18:44,99.926,34/42,78
2021/03/17,18:54,99.261,37/66,77
2021/03/17,19:04,99.261,33/40,77
2021/03/17,19:14,98.965,37/66,77
2021/03/17,19:24,98.965,37/66,77
2021/03/17,19:34,98.965,41/74,77
2021/03/17,19:44,96.896,43/79,77
2021/03/17,19:54,96.748,42/76,76
2021/03/17,20:04,96.674,42/75,75
2021/03/17,20:14,96.674,42/75,75
2021/03/17,20:24,96.674,43/77,75
2021/03/17,20:34,96.674,47/86,75
2021/03/17,20:44,96.009,48/84,75
2021/03/17,20:54,96.009,49/87,75
2021/03/17,21:04,96.009,49/83,75
2021/03/17,21:14,95.639,50/85,74
2021/03/17,21:24,95.639,52/91,75
2021/03/17,21:34,95.565,51/89,73
2021/03/17,21:44,99.409,53/102,74
2021/03/17,21:54,98.817,53/99,70
2021/03/17,22:04,93.718,53/102,68
2021/03/17,22:14,94.309,57/108,70
2021/03/17,22:24,97.635,54/101,69
2021/03/17,22:34,94.161,52/99,70
2021/03/17,22:44,94.161,51/95,70
2021/03/17,22:54,94.161,49/92,71
2021/03/17,23:04,94.161,48/87,71
2021/03/17,23:14,96.748,48/88,73
2021/03/17,23:24,95.639,48/86,72
2021/03/17,23:34,95.787,45/89,77
2021/03/17,23:44,94.678,43/77,77
2021/03/17,23:54,94.678,42/56,77
2021/03/18,00:04,94.678,42/56,77
2021/03/18,00:14,90.761,41/72,76
2021/03/18,00:24,90.761,41/55,76
2021/03/18,00:34,90.761,41/55,76
2021/03/18,00:44,90.761,41/55,76
2021/03/18,00:54,90.687,44/78,76
2021/03/18,01:04,90.687,40/54,76
2021/03/18,01:14,90.761,47/87,76
2021/03/18,01:24,90.761,39/53,76
2021/03/18,01:34,90.761,39/53,76
2021/03/18,01:44,98.226,43/85,79
2021/03/18,01:54,88.840,42/78,78
2021/03/18,02:04,88.840,42/49,78
2021/03/18,02:14,88.840,42/49,78
2021/03/18,02:24,88.840,42/49,78
2021/03/18,02:34,88.840,42/49,78
2021/03/18,02:44,88.544,43/79,78
2021/03/18,02:54,88.692,42/76,78
2021/03/18,03:04,88.987,41/74,78
2021/03/18,03:14,88.914,40/76,77
2021/03/18,03:24,85.440,38/73,76
2021/03/18,03:34,100.000,35/68,77
2021/03/18,03:44,100.000,35/45,77
2021/03/18,03:54,99.187,36/67,77
2021/03/18,04:04,98.891,35/65,77
2021/03/18,04:14,98.891,34/63,77
2021/03/18,04:24,100.000,32/60,77
2021/03/18,04:34,100.000,32/42,77
2021/03/18,04:44,100.000,32/42,77
2021/03/18,04:54,100.000,32/42,77
2021/03/18,05:04,100.000,31/57,77
2021/03/18,05:14,100.000,31/41,77
2021/03/18,05:24,100.000,31/41,77
2021/03/18,05:34,100.000,31/41,77
2021/03/18,05:44,100.000,33/45,77
2021/03/18,05:54,100.000,34/63,77
2021/03/18,06:04,100.000,32/61,77
2021/03/18,06:14,99.852,31/58,77
2021/03/18,06:24,98.965,26/52,78
2021/03/18,06:34,99.261,20/35,78
2021/03/18,06:44,89.061,22/39,78
2021/03/18,06:54,82.114,18/23,76
2021/03/18,07:04,98.374,19/34,76
2021/03/18,07:14,98.374,15/18,76
2021/03/18,07:24,98.152,18/31,76
2021/03/18,07:34,98.522,15/26,76
2021/03/18,07:44,98.522,15/18,76
2021/03/18,07:54,98.522,15/18,76
2021/03/18,08:04,98.522,15/18,76
2021/03/18,08:14,98.522,15/18,76
2021/03/18,08:24,98.522,21/36,76
2021/03/18,08:34,99.483,14/17,76
2021/03/18,08:44,99.557,16/27,76
2021/03/18,08:54,99.630,13/25,76
2021/03/18,09:04,99.630,12/12,76
2021/03/18,09:14,99.852,12/22,75
2021/03/18,09:24,99.852,13/21,75
2021/03/18,09:34,99.704,13/25,74
2021/03/18,09:44,99.557,16/31,75
2021/03/18,09:54,99.409,18/36,72
2021/03/18,10:04,99.483,18/35,73
2021/03/18,10:14,99.483,18/34,73
2021/03/18,10:24,98.891,18/36,74
2021/03/18,10:34,98.965,24/50,75
2021/03/18,10:44,100.000,31/62,70
2021/03/18,10:54,100.000,32/64,72
2021/03/18,11:04,100.000,33/65,72
2021/03/18,11:14,100.000,29/61,72
2021/03/18,11:24,100.000,28/56,72
2021/03/18,11:34,100.000,29/57,72
2021/03/18,11:44,100.000,35/70,72
2021/03/18,11:54,100.000,35/69,72
2021/03/18,12:04,100.000,36/71,72
2021/03/18,12:14,100.000,41/81,72
2021/03/18,12:24,100.000,41/81,72
2021/03/18,12:34,100.000,44/87,72
2021/03/18,12:44,100.000,44/87,72
2021/03/18,12:54,100.000,44/87,72
2021/03/18,13:04,100.000,44/87,72
2021/03/18,13:14,100.000,44/87,72
2021/03/18,13:24,100.000,44/87,72
2021/03/18,13:34,100.000,49/97,72
2021/03/18,13:44,100.000,50/100,71
2021/03/18,13:54,100.000,50/99,71
2021/03/18,14:04,100.000,51/104,73
2021/03/18,14:14,100.000,48/98,73
2021/03/18,14:24,100.000,49/97,73
2021/03/18,14:34,100.000,51/103,74
2021/03/18,14:44,100.000,46/91,74
2021/03/18,14:54,100.000,47/93,74
2021/03/18,15:04,100.000,49/99,75
2021/03/18,15:14,100.000,49/97,75
2021/03/18,15:24,100.000,53/107,74
2021/03/18,15:34,100.000,50/102,75
2021/03/18,15:44,90.318,45/96,76
2021/03/18,15:54,90.540,44/86,76
2021/03/18,16:04,90.540,45/47,76
2021/03/18,16:14,85.735,49/99,75
2021/03/18,16:24,89.061,46/93,76
2021/03/18,16:34,89.653,47/96,76
2021/03/18,16:44,89.209,43/87,76
2021/03/18,16:54,87.657,39/79,76
2021/03/18,17:04,88.174,36/71,76
2021/03/18,17:14,88.174,36/36,76
2021/03/18,17:24,88.174,36/36,76
2021/03/18,17:34,88.174,36/36,76
2021/03/18,17:44,88.101,40/78,76
2021/03/18,17:54,88.101,35/35,76
2021/03/18,18:04,88.101,35/35,76
2021/03/18,18:14,88.101,50/98,76
2021/03/18,18:24,88.914,50/99,76
2021/03/18,18:34,88.914,46/46,76
2021/03/18,18:44,92.535,51/101,77
2021/03/18,18:54,94.752,51/101,77
2021/03/18,19:04,94.752,49/49,77
2021/03/18,19:14,92.535,58/118,77
2021/03/18,19:24,92.535,48/94,77
2021/03/18,19:34,92.535,47/92,77
2021/03/18,19:44,92.535,46/46,77
2021/03/18,19:54,92.535,46/46,77
2021/03/18,20:04,89.209,46/46,76
2021/03/18,20:14,89.209,46/46,76
2021/03/18,20:24,89.209,46/46,76
2021/03/18,20:34,89.209,46/46,76
2021/03/18,20:44,92.535,46/47,77
2021/03/18,20:54,92.535,54/63,77
2021/03/18,21:04,92.535,54/106,77
2021/03/18,21:14,92.683,53/103,77
2021/03/18,21:24,92.683,53/53,77
2021/03/18,21:34,92.683,53/53,77
2021/03/18,21:44,93.052,56/110,77
2021/03/18,21:54,93.052,48/48,77
2021/03/18,22:04,93.052,48/48,77
2021/03/18,22:14,93.644,55/108,77
2021/03/18,22:24,93.865,55/109,77
2021/03/18,22:34,93.052,55/107,77
2021/03/18,22:44,93.274,53/103,77
2021/03/18,22:54,93.718,47/93,77
2021/03/18,23:04,93.200,56/111,77
2021/03/18,23:14,91.944,46/91,77
2021/03/18,23:24,91.279,53/107,77
2021/03/18,23:34,91.279,42/83,77
2021/03/18,23:44,91.279,42/82,77
2021/03/18,23:54,91.279,42/82,77
2021/03/19,00:04,92.461,40/79,77
2021/03/19,00:14,91.279,40/77,77
2021/03/19,00:24,91.279,39/39,77
2021/03/19,00:34,91.353,41/79,77
2021/03/19,00:44,90.983,39/76,77
2021/03/19,00:54,90.983,39/39,77
2021/03/19,01:04,90.983,39/75,77
2021/03/19,01:14,91.279,37/73,77
2021/03/19,01:24,91.944,35/69,77
2021/03/19,01:34,90.983,33/66,77
2021/03/19,01:44,90.466,31/61,77
2021/03/19,01:54,91.205,29/57,77
2021/03/19,02:04,91.279,28/54,77
2021/03/19,02:14,90.318,32/63,77
2021/03/19,02:24,90.613,25/47,77
2021/03/19,02:34,90.613,25/25,77
2021/03/19,02:44,89.800,24/45,77
2021/03/19,02:54,86.475,24/24,76
2021/03/19,03:04,86.179,23/43,76
2021/03/19,03:14,86.475,21/40,76
2021/03/19,03:24,86.475,20/20,76
2021/03/19,03:34,86.622,22/41,76
2021/03/19,03:44,73.688,19/37,75
2021/03/19,03:54,73.688,19/19,75
2021/03/19,04:04,73.688,19/19,75
2021/03/19,04:14,73.688,18/32,75
2021/03/19,04:24,73.688,18/18,75
2021/03/19,04:34,74.279,17/30,75
2021/03/19,04:44,74.501,15/27,75
2021/03/19,04:54,74.501,15/15,75
2021/03/19,05:04,72.801,12/22,75
2021/03/19,05:14,72.358,8/14,75
2021/03/19,05:24,72.579,7/10,75
2021/03/19,05:34,72.875,5/8,75
2021/03/19,05:44,72.506,4/6,74
2021/03/19,05:54,72.506,4/4,74
2021/03/19,06:04,72.506,4/4,74
2021/03/19,06:14,70.732,4/4,73
2021/03/19,06:24,70.510,4/4,72
2021/03/19,06:34,70.510,4/4,72
2021/03/19,06:44,69.993,11/21,72
2021/03/19,06:54,66.593,4/4,71
2021/03/19,07:04,66.593,4/4,71
2021/03/19,07:14,54.398,4/4,69
2021/03/19,07:24,53.732,4/5,68
2021/03/19,07:34,53.732,4/4,68
2021/03/19,07:44,53.732,6/9,68
2021/03/19,07:54,54.250,4/5,69
2021/03/19,08:04,54.472,4/5,70
2021/03/19,08:14,58.167,4/5,71
2021/03/19,08:24,58.167,4/4,71
2021/03/19,08:34,58.167,4/4,71
2021/03/19,08:44,58.167,4/4,71
2021/03/19,08:54,58.241,4/5,72
2021/03/19,09:04,58.241,4/4,72
2021/03/19,09:14,58.241,4/6,72
2021/03/19,09:24,58.241,4/4,72
2021/03/19,09:34,58.315,11/20,73
2021/03/19,09:44,58.758,8/16,73
2021/03/19,09:54,59.276,6/11,73
2021/03/19,10:04,59.276,6/6,73
2021/03/19,10:14,59.128,4/7,73
2021/03/19,10:24,59.128,4/4,73
2021/03/19,10:34,58.389,3/4,73
2021/03/19,10:44,62.084,4/5,74
2021/03/19,10:54,62.084,5/5,74
2021/03/19,11:04,62.084,6/10,74
2021/03/19,11:14,62.749,7/12,74
2021/03/19,11:24,62.971,15/30,74
2021/03/19,11:34,63.267,8/13,74
2021/03/19,11:44,62.971,10/17,74
2021/03/19,11:54,63.045,16/24,74
2021/03/19,12:04,62.306,18/34,74
2021/03/19,12:14,61.863,17/25,74
2021/03/19,12:24,61.863,18/18,74
2021/03/19,12:34,61.863,19/19,74
2021/03/19,12:44,68.367,21/25,76
2021/03/19,12:54,64.597,22/36,75
2021/03/19,13:04,65.632,18/30,75
2021/03/19,13:14,69.180,18/27,76
2021/03/19,13:24,70.953,17/31,76
2021/03/19,13:34,72.506,16/22,76
2021/03/19,13:44,72.506,16/16,76
2021/03/19,13:54,72.506,16/22,76
2021/03/19,14:04,71.840,14/19,76
2021/03/19,14:14,72.210,13/17,76
2021/03/19,14:24,72.875,12/17,76
2021/03/19,14:34,73.171,10/12,76
2021/03/19,14:44,72.358,9/11,74
2021/03/19,14:54,69.106,9/10,73
2021/03/19,15:04,69.180,9/10,74
2021/03/19,15:14,69.180,9/11,74
2021/03/19,15:24,68.219,8/8,72
2021/03/19,15:34,68.219,8/8,72
2021/03/19,15:44,68.219,8/8,72
2021/03/19,15:54,68.441,8/10,72
2021/03/19,16:04,68.884,8/12,75
2021/03/19,16:14,93.792,9/14,76
2021/03/19,16:24,93.718,9/15,76
2021/03/19,16:34,93.718,9/9,76
2021/03/19,16:44,93.718,10/10,76
2021/03/19,16:54,93.718,11/11,76
2021/03/19,17:04,93.718,11/11,76
2021/03/19,17:14,94.531,10/14,76
2021/03/19,17:24,95.713,9/12,76
2021/03/19,17:34,96.600,8/10,76
2021/03/19,17:44,95.787,7/8,75
2021/03/19,17:54,92.683,7/7,73
2021/03/19,18:04,92.683,7/7,73
2021/03/19,18:14,92.683,7/7,73
2021/03/19,18:24,92.092,7/8,72
2021/03/19,18:34,90.983,6/8,70
2021/03/19,18:44,90.613,6/6,69
2021/03/19,18:54,90.613,6/6,69
2021/03/19,19:04,87.657,6/6,68
2021/03/19,19:14,86.918,6/6,67
2021/03/19,19:24,86.622,6/6,66
2021/03/19,19:34,86.622,6/6,66
2021/03/19,19:44,86.253,6/6,64
2021/03/19,19:54,86.031,6/6,63
2021/03/19,20:04,86.031,6/6,63
2021/03/19,20:14,86.031,6/6,63
2021/03/19,20:24,86.031,6/6,63
2021/03/19,20:34,86.031,6/6,63
2021/03/19,20:44,86.031,6/6,63
2021/03/19,20:54,86.031,6/6,63
2021/03/19,21:04,86.253,7/12,63
2021/03/19,21:14,86.253,5/5,63
2021/03/19,21:24,85.883,4/5,62
2021/03/19,21:34,85.883,4/4,62
2021/03/19,21:44,85.883,4/4,62
2021/03/19,21:54,85.883,4/4,62
2021/03/19,22:04,86.031,5/9,62
2021/03/19,22:14,86.031,3/3,62
2021/03/19,22:24,85.957,3/3,61
2021/03/19,22:34,85.957,3/3,61
2021/03/19,22:44,86.327,3/4,62
2021/03/19,22:54,89.874,3/6,65
2021/03/19,23:04,90.392,3/6,68
2021/03/19,23:14,89.431,4/12,69
2021/03/19,23:24,92.683,1/3,69
2021/03/19,23:34,94.900,1/2,70
2021/03/19,23:44,93.126,1/1,68
2021/03/19,23:54,93.422,1/2,69
2021/03/20,00:04,93.422,1/1,69
2021/03/20,00:14,92.979,4/8,68
2021/03/20,00:24,92.239,1/1,67
2021/03/20,00:34,89.135,1/2,67
2021/03/20,00:44,89.135,1/1,67
2021/03/20,00:54,87.583,1/1,66
2021/03/20,01:04,87.953,1/2,66
2021/03/20,01:14,87.953,1/1,66
2021/03/20,01:24,87.953,1/1,66
2021/03/20,01:34,87.953,1/1,66
2021/03/20,01:44,87.953,1/1,66
2021/03/20,01:54,88.396,1/2,67
2021/03/20,02:04,87.657,0/2,67
2021/03/20,02:14,87.214,4/9,66
2021/03/20,02:24,89.357,2/5,64
2021/03/20,02:34,89.061,2/2,63
2021/03/20,02:44,89.061,2/2,63
2021/03/20,02:54,89.135,2/3,62
2021/03/20,03:04,89.135,2/2,62
2021/03/20,03:14,89.283,7/14,63
2021/03/20,03:24,88.470,3/3,61
2021/03/20,03:34,88.470,2/3,61
2021/03/20,03:44,88.470,5/9,61
2021/03/20,03:54,88.470,2/2,61
2021/03/20,04:04,87.288,2/2,60
2021/03/20,04:14,87.214,2/2,59
2021/03/20,04:24,87.214,2/2,59
2021/03/20,04:34,87.214,2/2,59
2021/03/20,04:44,87.214,2/2,59
2021/03/20,04:54,87.214,2/2,59
2021/03/20,05:04,87.214,2/2,59
2021/03/20,05:14,86.770,2/2,57
2021/03/20,05:24,86.770,2/2,57
2021/03/20,05:34,86.770,2/2,57
2021/03/20,05:44,86.548,2/2,56
2021/03/20,05:54,86.770,4/7,56
2021/03/20,06:04,86.770,2/2,56
2021/03/20,06:14,86.770,2/2,56
2021/03/20,06:24,87.214,3/6,58
2021/03/20,06:34,87.214,2/2,58
2021/03/20,06:44,87.214,2/2,58
2021/03/20,06:54,87.214,2/2,58
2021/03/20,07:04,89.431,2/3,59
2021/03/20,07:14,90.392,5/13,59
2021/03/20,07:24,90.392,1/1,59
2021/03/20,07:34,90.096,1/1,57
2021/03/20,07:44,89.209,1/4,59
2021/03/20,07:54,85.957,1/1,58
2021/03/20,08:04,88.396,1/3,59
2021/03/20,08:14,88.174,2/4,59
2021/03/20,08:24,91.426,1/2,59
2021/03/20,08:34,91.205,1/1,58
2021/03/20,08:44,91.205,2/4,58
2021/03/20,08:54,91.205,1/1,58
2021/03/20,09:04,90.022,1/1,57
2021/03/20,09:14,90.096,1/2,58
2021/03/20,09:24,91.057,1/5,61
2021/03/20,09:34,91.648,3/8,63
2021/03/20,09:44,91.279,1/1,62
2021/03/20,09:54,87.583,1/1,60
2021/03/20,10:04,85.735,1/1,58
2021/03/20,10:14,87.435,1/4,61
2021/03/20,10:24,96.305,1/6,66
2021/03/20,10:34,89.727,4/10,65
2021/03/20,10:44,91.648,2/8,68
2021/03/20,10:54,94.013,1/5,70
2021/03/20,11:04,94.383,2/4,71
2021/03/20,11:14,94.900,2/7,73
2021/03/20,11:24,93.939,1/3,71
2021/03/20,11:34,92.166,1/2,69
2021/03/20,11:44,92.387,1/2,70
2021/03/20,11:54,92.757,1/3,72
2021/03/20,12:04,95.713,1/3,74
2021/03/20,12:14,97.709,1/3,74
2021/03/20,12:24,96.822,1/1,72
2021/03/20,12:34,97.044,1/2,73
2021/03/20,12:44,97.265,3/5,74
2021/03/20,12:54,97.265,3/4,74
2021/03/20,13:04,97.339,4/7,75
2021/03/20,13:14,99.926,5/9,74
2021/03/20,13:24,96.822,3/6,75
2021/03/20,13:34,95.418,2/3,74
2021/03/20,13:44,94.974,11/20,74
2021/03/20,13:54,94.974,3/3,74
2021/03/20,14:04,94.974,3/3,74
2021/03/20,14:14,94.974,6/6,74
2021/03/20,14:24,94.974,10/23,74
2021/03/20,14:34,93.939,2/5,74
2021/03/20,14:44,93.939,2/2,74
2021/03/20,14:54,93.718,2/2,73
2021/03/20,15:04,93.496,2/2,72
2021/03/20,15:14,93.422,2/2,71
2021/03/20,15:24,96.970,2/4,72
2021/03/20,15:34,94.826,9/17,71
2021/03/20,15:44,75.092,4/8,72
2021/03/20,15:54,83.740,2/3,72
2021/03/20,16:04,84.405,2/5,74
2021/03/20,16:14,81.892,2/2,72
2021/03/20,16:24,76.718,2/2,70
2021/03/20,16:34,76.718,2/2,70
2021/03/20,16:44,77.088,2/3,71
2021/03/20,16:54,77.088,2/2,71
2021/03/20,17:04,80.340,2/3,72
2021/03/20,17:14,80.636,2/3,71
2021/03/20,17:24,77.384,2/2,70
2021/03/20,17:34,80.710,2/3,71
2021/03/20,17:44,80.118,2/3,71
2021/03/20,17:54,80.414,2/3,72
2021/03/20,18:04,80.414,2/2,72
2021/03/20,18:14,83.888,2/3,72
2021/03/20,18:24,84.701,3/4,73
2021/03/20,18:34,84.701,3/3,73
2021/03/20,18:44,85.144,3/4,73
2021/03/20,18:54,83.296,5/5,70
2021/03/20,19:04,83.296,5/5,70
2021/03/20,19:14,83.001,5/5,69
2021/03/20,19:24,83.888,5/6,70
2021/03/20,19:34,83.222,5/5,69
2021/03/20,19:44,83.222,5/7,69
2021/03/20,19:54,79.675,5/5,68
2021/03/20,20:04,83.666,6/9,69
2021/03/20,20:14,83.666,5/6,69
2021/03/20,20:24,83.666,5/5,69
2021/03/20,20:34,79.010,5/6,66
2021/03/20,20:44,79.157,5/6,66
2021/03/20,20:54,78.271,7/10,65
2021/03/20,21:04,78.271,5/5,65
2021/03/20,21:14,78.271,5/5,65
2021/03/20,21:24,78.271,5/5,65
2021/03/20,21:34,79.157,5/8,68
2021/03/20,21:44,78.788,5/5,67
2021/03/20,21:54,84.331,5/7,68
2021/03/20,22:04,76.644,5/7,67
2021/03/20,22:14,76.644,5/5,67
2021/03/20,22:24,77.088,7/11,69
2021/03/20,22:34,76.349,18/30,67
2021/03/20,22:44,76.866,19/34,68
2021/03/20,22:54,76.866,17/19,68
2021/03/20,23:04,76.866,16/17,68
2021/03/20,23:14,76.940,16/17,67
2021/03/20,23:24,77.310,16/17,68
2021/03/20,23:34,77.088,16/21,69
2021/03/20,23:44,77.088,17/17,69
2021/03/20,23:54,77.088,17/17,69
2021/03/21,00:04,78.197,17/21,73
2021/03/21,00:14,77.310,17/17,70
2021/03/21,00:24,77.310,17/17,70
2021/03/21,00:34,76.940,17/18,69
2021/03/21,00:44,76.571,17/17,68
2021/03/21,00:54,76.571,17/17,68
2021/03/21,01:04,76.571,17/17,68
2021/03/21,01:14,76.644,17/18,69
2021/03/21,01:24,76.940,17/19,71
2021/03/21,01:34,76.940,16/20,71
2021/03/21,01:44,76.940,16/16,71
2021/03/21,01:54,76.940,17/17,71
2021/03/21,02:04,76.940,17/17,71
2021/03/21,02:14,76.940,17/17,71
2021/03/21,02:24,76.940,17/17,71
2021/03/21,02:34,76.940,17/17,71
2021/03/21,02:44,78.566,17/18,72
2021/03/21,02:54,77.975,17/17,70
2021/03/21,03:04,77.605,17/17,69
2021/03/21,03:14,76.423,17/17,68
2021/03/21,03:24,76.644,18/20,68
2021/03/21,03:34,76.792,17/18,68
2021/03/21,03:44,76.792,17/17,68
2021/03/21,03:54,76.792,17/17,68
2021/03/21,04:04,73.392,16/19,67
2021/03/21,04:14,73.762,17/19,68
2021/03/21,04:24,73.762,17/17,68
2021/03/21,04:34,73.762,17/17,68
2021/03/21,04:44,73.762,17/17,68
2021/03/21,04:54,72.875,16/18,67
2021/03/21,05:04,69.993,16/30,63
2021/03/21,05:14,69.697,14/14,62
2021/03/21,05:24,69.697,14/14,62
2021/03/21,05:34,69.475,14/14,61
2021/03/21,05:44,69.475,14/14,61
2021/03/21,05:54,67.849,14/14,60
2021/03/21,06:04,67.036,14/14,58
2021/03/21,06:14,67.036,14/14,58
2021/03/21,06:24,67.036,14/14,58
2021/03/21,06:34,66.814,14/15,57
2021/03/21,06:44,66.814,14/15,57
2021/03/21,06:54,66.814,14/14,57
2021/03/21,07:04,66.814,14/14,57
2021/03/21,07:14,66.814,14/14,57
2021/03/21,07:24,66.814,14/14,57
2021/03/21,07:34,70.288,15/28,58
2021/03/21,07:44,70.288,13/13,58
2021/03/21,07:54,70.658,13/14,59
2021/03/21,08:04,70.288,13/13,58
2021/03/21,08:14,66.741,13/16,60
2021/03/21,08:24,66.519,13/13,59
2021/03/21,08:34,66.445,13/13,58
2021/03/21,08:44,71.471,13/16,61
2021/03/21,08:54,71.027,13/13,60
2021/03/21,09:04,70.067,12/14,60
2021/03/21,09:14,69.993,12/12,59
2021/03/21,09:24,69.919,12/12,58
2021/03/21,09:34,69.919,13/15,58
2021/03/21,09:44,70.288,12/14,58
2021/03/21,09:54,70.288,12/13,58
2021/03/21,10:04,73.614,12/14,60
2021/03/21,10:14,73.614,12/12,60
2021/03/21,10:24,73.319,12/12,59
2021/03/21,10:34,75.831,12/13,58
2021/03/21,10:44,75.831,12/12,58
2021/03/21,10:54,75.831,12/12,58
2021/03/21,11:04,75.831,12/12,58
2021/03/21,11:14,76.349,13/19,63
2021/03/21,11:24,76.201,12/15,61
2021/03/21,11:34,76.127,12/12,60
2021/03/21,11:44,76.349,12/13,61
2021/03/21,11:54,77.014,12/14,63
2021/03/21,12:04,77.014,12/12,63
2021/03/21,12:14,79.823,12/15,64
2021/03/21,12:24,78.936,12/13,63
2021/03/21,12:34,81.892,12/13,64
2021/03/21,12:44,79.305,12/13,64
2021/03/21,12:54,79.897,12/14,66
2021/03/21,13:04,81.744,13/26,68
2021/03/21,13:14,81.449,13/24,68
2021/03/21,13:24,80.414,13/24,67
2021/03/21,13:34,80.783,11/12,68
2021/03/21,13:44,80.636,11/12,68
2021/03/21,13:54,81.892,14/28,70
2021/03/21,14:04,83.740,13/23,70
2021/03/21,14:14,81.670,12/21,69
2021/03/21,14:24,81.670,11/11,69
2021/03/21,14:34,81.670,11/11,69
2021/03/21,14:44,83.888,10/23,73
2021/03/21,14:54,84.996,9/10,71
2021/03/21,15:04,81.744,9/9,70
2021/03/21,15:14,82.705,9/10,70
2021/03/21,15:24,82.705,9/9,70
2021/03/21,15:34,82.705,8/9,70
2021/03/21,15:44,81.818,8/8,67
2021/03/21,15:54,56.467,15/22,66
2021/03/21,16:04,93.052,14/21,66
2021/03/21,16:14,93.052,8/8,66
2021/03/21,16:24,93.052,8/8,66
2021/03/21,16:34,92.757,8/8,65
2021/03/21,16:44,92.831,8/9,66
2021/03/21,16:54,93.126,8/10,68
2021/03/21,17:04,93.126,8/8,68
2021/03/21,17:14,93.126,8/8,68
2021/03/21,17:24,92.609,8/8,66
2021/03/21,17:34,95.861,8/9,67
2021/03/21,17:44,92.166,8/8,66
2021/03/21,17:54,88.914,8/8,65
2021/03/21,18:04,85.809,8/9,65
2021/03/21,18:14,85.809,8/8,65
2021/03/21,18:24,85.809,8/8,65
2021/03/21,18:34,94.161,8/13,69
2021/03/21,18:44,95.270,8/9,67
2021/03/21,18:54,96.748,8/10,69
2021/03/21,19:04,97.044,8/10,71
2021/03/21,19:14,98.226,8/18,72
2021/03/21,19:24,97.044,7/8,70
2021/03/21,19:34,97.265,7/8,70
2021/03/21,19:44,99.778,8/15,76
2021/03/21,19:54,100.000,12/21,76
2021/03/21,20:04,100.000,11/12,76
2021/03/21,20:14,100.000,11/16,76
2021/03/21,20:24,99.704,10/14,75
2021/03/21,20:34,99.704,11/15,75
2021/03/21,20:44,98.744,10/15,74
2021/03/21,20:54,98.670,10/14,74
2021/03/21,21:04,98.670,10/13,74
2021/03/21,21:14,96.822,11/14,71
2021/03/21,21:24,99.926,9/12,71
2021/03/21,21:34,99.926,9/10,71
2021/03/21,21:44,99.926,10/12,71
2021/03/21,21:54,99.852,12/16,70
2021/03/21,22:04,99.852,16/24,70
2021/03/21,22:14,99.778,21/40,69
2021/03/21,22:24,100.000,15/28,72
2021/03/21,22:34,100.000,14/23,72
2021/03/21,22:44,99.778,13/22,73
2021/03/21,22:54,99.187,10/15,74
2021/03/21,23:04,99.039,10/13,74
2021/03/21,23:14,99.630,12/20,76
2021/03/21,23:24,99.335,9/14,76
2021/03/21,23:34,99.335,9/9,76
2021/03/21,23:44,99.113,10/16,73
2021/03/21,23:54,99.335,9/12,72
2021/03/22,00:04,97.931,8/10,71
2021/03/22,00:14,97.931,8/9,71
2021/03/22,00:24,97.118,13/24,71
2021/03/22,00:34,96.822,7/9,70
2021/03/22,00:44,96.970,6/8,70
2021/03/22,00:54,97.118,6/9,71
2021/03/22,01:04,97.339,7/10,72
2021/03/22,01:14,99.852,6/8,70
2021/03/22,01:24,99.926,7/12,70
2021/03/22,01:34,99.778,7/11,69
2021/03/22,01:44,99.704,8/13,69
2021/03/22,01:54,99.852,5/9,71
2021/03/22,02:04,99.852,5/6,71
2021/03/22,02:14,99.852,5/6,71
2021/03/22,02:24,99.778,12/23,70
2021/03/22,02:34,99.852,13/27,71
2021/03/22,02:44,99.704,14/27,69
2021/03/22,02:54,99.704,14/27,69
2021/03/22,03:04,99.852,13/26,70
2021/03/22,03:14,99.778,13/17,69
2021/03/22,03:24,99.778,13/17,69
2021/03/22,03:34,99.483,11/15,68
2021/03/22,03:44,98.744,11/13,67
2021/03/22,03:54,98.744,11/13,67
2021/03/22,04:04,98.300,11/13,66
2021/03/22,04:14,98.300,11/13,66
2021/03/22,04:24,98.522,10/12,66
2021/03/22,04:34,98.522,10/11,66
2021/03/22,04:44,98.522,10/11,66
2021/03/22,04:54,98.522,10/11,66
2021/03/22,05:04,98.522,10/11,66
2021/03/22,05:14,98.300,9/10,66
2021/03/22,05:24,98.300,9/9,66
2021/03/22,05:34,98.300,9/9,66
2021/03/22,05:44,95.418,9/10,65
2021/03/22,05:54,95.418,9/9,65
2021/03/22,06:04,95.418,9/9,65
2021/03/22,06:14,88.248,9/9,60
2021/03/22,06:24,88.027,9/9,59
2021/03/22,06:34,85.809,9/9,58
2021/03/22,06:44,85.588,9/9,57
2021/03/22,06:54,82.336,10/21,56
2021/03/22,07:04,82.336,9/9,56
2021/03/22,07:14,82.336,9/9,56
2021/03/22,07:24,82.336,9/9,56
2021/03/22,07:34,82.336,9/9,56
2021/03/22,07:44,81.966,9/9,55
2021/03/22,07:54,78.862,9/10,53
2021/03/22,08:04,78.418,9/9,52
2021/03/22,08:14,77.679,9/9,51
2021/03/22,08:24,81.449,9/11,53
2021/03/22,08:34,81.523,10/24,55
2021/03/22,08:44,85.661,8/11,58
2021/03/22,08:54,85.661,8/8,58
2021/03/22,09:04,84.848,8/8,56
2021/03/22,09:14,84.775,8/10,57
2021/03/22,09:24,84.775,8/8,57
2021/03/22,09:34,84.775,8/8,57
2021/03/22,09:44,84.405,8/9,57
2021/03/22,09:54,85.292,8/11,59
2021/03/22,10:04,85.292,8/8,59
2021/03/22,10:14,89.431,9/14,62
2021/03/22,10:24,86.622,8/10,62
2021/03/22,10:34,83.444,8/9,62
2021/03/22,10:44,86.844,8/10,64
2021/03/22,10:54,88.914,8/12,67
2021/03/22,11:04,92.461,8/12,70
2021/03/22,11:14,89.283,8/10,69
2021/03/22,11:24,91.648,11/18,72
2021/03/22,11:34,92.387,12/19,74
2021/03/22,11:44,92.387,13/13,74
2021/03/22,11:54,95.639,17/18,75
2021/03/22,12:04,95.713,20/31,75
2021/03/22,12:14,95.787,20/30,75
2021/03/22,12:24,94.900,19/28,75
2021/03/22,12:34,96.083,20/30,75
2021/03/22,12:44,99.335,22/24,76
2021/03/22,12:54,98.522,22/35,76
2021/03/22,13:04,98.522,23/23,76
2021/03/22,13:14,98.522,34/40,76
2021/03/22,13:24,98.522,33/38,76
2021/03/22,13:34,98.152,35/61,76
2021/03/22,13:44,96.378,30/56,76
2021/03/22,13:54,96.378,29/31,76
2021/03/22,14:04,95.344,27/47,76
2021/03/22,14:14,93.126,26/43,75
2021/03/22,14:24,93.865,26/44,75
2021/03/22,14:34,94.013,25/40,75
2021/03/22,14:44,94.235,27/44,75
2021/03/22,14:54,94.974,32/62,75
2021/03/22,15:04,94.087,32/55,75
2021/03/22,15:14,94.678,34/58,75
2021/03/22,15:24,94.678,39/68,75
2021/03/22,15:34,56.837,45/79,75
2021/03/22,15:44,94.678,42/76,75
2021/03/22,15:54,98.891,42/76,74
2021/03/22,16:04,99.113,37/39,74
2021/03/22,16:14,98.078,36/65,74
2021/03/22,16:24,98.004,34/60,74
2021/03/22,16:34,98.004,39/42,74
2021/03/22,16:44,97.783,42/48,74
2021/03/22,16:54,98.004,44/81,74
2021/03/22,17:04,98.004,46/54,74
2021/03/22,17:14,97.561,50/94,74
2021/03/22,17:24,98.078,49/92,74
2021/03/22,17:34,97.783,49/90,74
2021/03/22,17:44,99.630,48/89,75
2021/03/22,17:54,100.000,48/90,75
2021/03/22,18:04,100.000,46/85,75
2021/03/22,18:14,99.926,44/82,75
2021/03/22,18:24,98.004,43/79,74
2021/03/22,18:34,99.926,45/84,75
2021/03/22,18:44,98.522,48/89,75
2021/03/22,18:54,98.522,47/55,75
2021/03/22,19:04,98.226,47/86,75
2021/03/22,19:14,98.152,47/55,75
2021/03/22,19:24,98.891,40/72,75
2021/03/22,19:34,98.448,45/83,75
2021/03/22,19:44,98.596,56/78,75
2021/03/22,19:54,97.931,48/90,75
2021/03/22,20:04,97.561,47/88,75
2021/03/22,20:14,100.000,45/85,76
2021/03/22,20:24,96.970,44/81,75
2021/03/22,20:34,97.044,52/103,75
2021/03/22,20:44,97.044,42/79,75
2021/03/22,20:54,97.487,41/77,75
2021/03/22,21:04,99.852,48/96,75
2021/03/22,21:14,100.000,37/69,75
2021/03/22,21:24,99.630,48/67,74
2021/03/22,21:34,99.630,48/67,74
2021/03/22,21:44,99.630,48/67,74
2021/03/22,21:54,99.630,48/67,74
